timestamp;sensor_id;location;temperature_celsius;humidity_percent;pressure_hpa;air_quality_aqi;status
2024-02-18 12:00:00;SENSOR_006;Location_B;31.25;64.2;1016.69;21.1;active
2024-01-11 08:00:00;SENSOR_008;Location_D;24.98;83.6;1007.07;96.2;active
2024-02-28 04:00:00;SENSOR_006;Location_B;18.4;94.4;1001.78;95.8;active
2024-01-10 13:00:00;SENSOR_008;Location_D;35.29;54.0;1019.26;59.6;active
2024-01-28 04:00:00;SENSOR_004;Location_E;19.05;81.5;1007.09;41.1;active
2024-02-21 08:00:00;SENSOR_010;Location_A;29.37;66.3;1010.01;66.8;active
2024-02-04 07:00:00;SENSOR_006;Location_B;31.2;64.3;1013.6;82.6;active
2024-01-28 06:00:00;SENSOR_010;Location_A;20.07;86.2;1017.75;38.1;active
2024-01-19 14:00:00;SENSOR_005;Location_A;30.83;63.5;1011.5;44.6;active
2024-01-18 03:00:00;SENSOR_004;Location_E;16.49;83.3;1008.37;45.9;maintenance
2024-01-01 08:00:00;SENSOR_005;Location_A;28.55;81.7;1008.56;79.6;active
2024-02-18 17:00:00;SENSOR_007;Location_C;27.97;70.2;999.59;96.5;active
2024-01-04 05:00:00;SENSOR_003;Location_D;22.0;87.4;1008.43;55.5;active
2024-01-28 16:00:00;SENSOR_005;Location_A;29.19;74.7;995.25;43.4;active
2024-02-08 20:00:00;SENSOR_009;Location_E;21.15;82.5;1018.79;42.0;active
2024-02-11 13:00:00;SENSOR_006;Location_B;35.25;63.0;1017.01;63.1;active
2024-01-01 06:00:00;SENSOR_009;Location_E;29.35;71.8;1015.77;43.2;active
2024-02-04 02:00:00;SENSOR_003;Location_D;17.42;80.9;1026.94;42.7;active
2024-02-06 19:00:00;SENSOR_006;Location_B;25.83;79.7;1017.06;91.3;active
2024-01-04 14:00:00;SENSOR_006;Location_B;29.68;73.5;1001.63;41.0;active
2024-02-23 20:00:00;SENSOR_006;Location_B;20.69;90.1;1028.94;53.8;active
2024-02-12 10:00:00;SENSOR_005;Location_A;28.07;76.9;1017.21;81.4;active
2024-01-20 02:00:00;SENSOR_008;Location_D;17.38;94.9;1007.88;41.0;active
2024-02-15 19:00:00;SENSOR_006;Location_B;22.97;72.2;1014.79;106.6;active
2024-01-03 21:00:00;SENSOR_007;Location_C;17.76;78.3;1020.25;57.6;active
2024-01-24 17:00:00;SENSOR_005;location_a;30.55;61.5;1007.63;84.4;active
2024-01-10 06:00:00;SENSOR_009;Location_E;26.7;72.7;1002.85;39.7;active
2024-01-22 14:00:00;SENSOR_001;Location_B;28.8;65.3;1007.7;65.4;active
2024-02-08 16:00:00;SENSOR_006;Location_B;26.84;74.3;1001.06;32.5;active
2024-01-07 04:00:00;SENSOR_009;Location_E;17.28;91.8;1021.93;51.6;active
2024-02-14 17:00:00;SENSOR_006;Location_B;28.53;76.5;1012.28;55.6;active
2024-01-31 17:00:00;SENSOR_005;Location_A;27.27;83.2;1003.49;86.2;active
2024-02-15 12:00:00;SENSOR_006;Location_B;33.46;56.4;1002.42;68.0;active
2024-02-09 19:00:00;SENSOR_008;Location_D;24.57;84.9;999.82;117.5;maintenance
2024-02-08 21:00:00;SENSOR_003;location_d;18.52;100.0;1005.14;43.8;active
2024-02-07 16:00:00;SENSOR_003;Location_D;93.43;65.5;1002.99;43.1;active
2024-02-19 03:00:00;SENSOR_010;Location_A;20.28;;1003.56;52.3;active
2024-01-11 20:00:00;SENSOR_007;Location_C;20.91;80.7;1013.08;39.9;active
2024-02-04 19:00:00;SENSOR_010;Location_A;22.18;81.7;1007.42;85.1;active
2024-02-02 13:00:00;SENSOR_006;Location_B;103.6;72.3;1007.81;37.2;active
2024-02-19 20:00:00;SENSOR_005;location_a;20.42;89.1;1009.83;23.6;active
2024-01-09 07:00:00;SENSOR_006;location_b;30.51;59.2;1026.97;54.0;active
2024-01-18 19:00:00;SENSOR_003;Location_D;24.31;74.7;1033.38;81.8;active
2024-01-08 01:00:00;SENSOR_001;Location_B;17.16;82.8;1016.77;45.2;active
2024-02-13 11:00:00;SENSOR_002;Location_C;29.9;71.1;1020.98;60.7;active
2024-01-11 10:00:00;SENSOR_009;Location_E;33.25;62.2;1007.4;64.4;active
2024-02-26 21:00:00;SENSOR_002;Location_C;19.71;82.6;1012.41;44.2;active
2024-02-21 12:00:00;SENSOR_001;Location_B;31.4;66.8;1003.88;35.6;active
2024-01-18 03:00:00;SENSOR_010;Location_A;18.12;80.7;1031.1;46.0;active
2024-01-18 01:00:00;SENSOR_010;Location_A;19.58;78.6;1008.93;53.1;active
2024-02-11 15:00:00;SENSOR_005;Location_A;30.74;63.4;1039.19;44.0;active
2024-02-09 18:00:00;SENSOR_003;Location_D;22.58;85.0;1007.83;99.4;active
2024-01-09 08:00:00;SENSOR_004;location_e;28.19;67.0;1012.83;73.5;active
2024-01-11 18:00:00;SENSOR_009;Location_E;24.26;83.2;1004.85;80.2;active
2024-01-21 08:00:00;SENSOR_007;Location_C;27.12;82.6;1004.02;84.4;active
2024-01-26 17:00:00;SENSOR_007;Location_C;26.17;74.0;1020.74;60.7;active
2024-02-10 04:00:00;SENSOR_003;Location_D;23.51;71.9;1006.12;51.4;active
2024-01-25 21:00:00;SENSOR_009;Location_E;18.75;87.0;1004.59;47.2;active
2024-01-22 02:00:00;SENSOR_005;Location_A;18.14;94.4;1026.59;27.3;active
2024-02-12 02:00:00;SENSOR_001;Location_B;17.99;96.3;1037.75;40.2;active
2024-01-25 18:00:00;SENSOR_006;Location_B;26.77;76.2;1014.28;57.8;active
2024-01-27 05:00:00;SENSOR_003;Location_D;26.56;;1022.2;12.3;active
2024-01-19 18:00:00;SENSOR_010;Location_A;24.43;82.5;1005.41;104.9;active
2024-02-13 02:00:00;SENSOR_008;Location_D;21.16;85.3;1029.07;25.5;active
2024-02-09 15:00:00;SENSOR_004;Location_E;29.01;80.9;1016.9;67.9;active
2024-02-17 11:00:00;SENSOR_001;Location_B;32.77;63.3;1008.88;36.5;active
2024-02-13 07:00:00;SENSOR_008;Location_D;26.65;70.8;996.73;111.5;active
2024-01-06 12:00:00;SENSOR_008;Location_D;31.82;68.0;1010.69;55.6;active
2024-01-11 05:00:00;SENSOR_010;Location_A;24.4;86.7;1021.73;75.2;active
2024-01-26 21:00:00;SENSOR_003;Location_D;18.09;90.9;1021.32;49.6;active
2024-01-13 02:00:00;SENSOR_001;Location_B;16.41;80.9;1005.92;38.9;active
2024-01-13 16:00:00;SENSOR_001;Location_B;30.74;65.7;1035.6;55.5;active
2024-01-22 14:00:00;SENSOR_008;Location_D;29.81;75.8;1019.59;63.3;active
2024-02-28 23:00:00;SENSOR_008;Location_D;15.74;96.6;1012.46;8.5;active
2024-02-07 08:00:00;SENSOR_003;Location_D;28.49;72.1;1019.87;86.7;active
2024-01-18 02:00:00;SENSOR_004;Location_E;17.11;81.7;1011.01;41.6;active
2024-02-10 17:00:00;SENSOR_002;Location_C;26.68;73.9;1016.78;91.8;active
2024-01-14 01:00:00;SENSOR_010;Location_A;18.15;84.1;1025.58;76.0;active
2024-01-29 12:00:00;SENSOR_002;location_c;35.02;66.4;1011.14;48.3;active
2024-02-24 04:00:00;SENSOR_007;location_c;22.21;87.1;1008.64;36.8;active
2024-01-25 09:00:00;SENSOR_002;Location_C;27.19;80.5;1007.23;65.6;active
2024-01-24 09:00:00;SENSOR_003;Location_D;27.72;79.1;1018.48;94.2;active
2024-02-15 12:00:00;SENSOR_009;Location_E;32.39;65.0;1027.0;59.2;maintenance
2024-02-11 22:00:00;SENSOR_001;Location_B;17.96;82.0;1009.74;58.2;active
2024-01-15 08:00:00;SENSOR_010;Location_A;29.84;63.4;993.25;66.8;active
2024-01-31 16:00:00;SENSOR_001;Location_B;28.53;;1009.28;53.7;active
2024-02-11 08:00:00;SENSOR_008;Location_D;28.69;74.8;1003.99;97.3;active
2024-01-27 12:00:00;SENSOR_009;Location_E;31.16;;1018.22;26.2;active
2024-01-01 16:00:00;SENSOR_004;Location_E;29.82;63.3;1017.71;14.6;active
2024-02-06 06:00:00;SENSOR_008;Location_D;22.84;70.5;1001.27;51.9;active
2024-01-11 07:00:00;SENSOR_008;Location_D;29.54;74.8;1004.98;86.0;active
2024-02-06 01:00:00;SENSOR_003;Location_D;18.69;80.5;1003.81;47.4;active
2024-01-24 17:00:00;SENSOR_002;Location_C;27.7;70.4;1014.04;89.9;active
2024-02-15 06:00:00;SENSOR_001;Location_B;22.6;73.5;1018.65;47.0;active
2024-01-31 06:00:00;SENSOR_007;Location_C;25.65;67.1;994.22;65.0;active
2024-02-29 11:00:00;SENSOR_007;Location_C;29.87;68.1;996.08;36.4;active
2024-01-18 05:00:00;SENSOR_006;Location_B;25.52;71.7;1016.98;37.3;active
2024-02-04 02:00:00;SENSOR_006;location_b;22.69;75.4;1010.09;66.4;active
2024-01-15 07:00:00;SENSOR_007;Location_C;;80.1;1011.65;61.8;active
2024-01-16 04:00:00;SENSOR_007;Location_C;26.44;76.5;993.41;73.8;active
2024-02-29 10:00:00;SENSOR_004;Location_E;31.87;68.8;1014.97;48.4;active
2024-02-11 00:00:00;SENSOR_006;Location_B;17.18;85.0;1002.04;29.4;active
2024-02-28 02:00:00;SENSOR_008;Location_D;16.45;88.7;1004.6;53.4;active
2024-01-14 11:00:00;SENSOR_009;Location_E;34.37;62.0;1012.77;59.0;active
2024-02-22 23:00:00;SENSOR_010;Location_A;16.78;92.0;995.34;25.3;active
2024-01-08 16:00:00;SENSOR_002;Location_C;29.41;80.9;991.35;52.1;active
2024-02-03 09:00:00;SENSOR_006;Location_B;31.95;63.8;1027.18;72.2;active
2024-01-28 07:00:00;SENSOR_006;Location_B;27.69;73.7;1011.45;71.1;active
2024-02-09 12:00:00;SENSOR_008;Location_D;29.55;75.2;1026.6;33.9;active
2024-01-06 07:00:00;SENSOR_004;Location_E;31.91;62.3;1005.15;110.3;active
2024-02-11 08:00:00;SENSOR_006;location_b;29.16;72.9;1022.09;76.1;active
2024-01-15 23:00:00;SENSOR_004;location_e;19.94;82.2;1006.41;61.3;active
2024-02-14 20:00:00;SENSOR_009;Location_E;26.39;69.7;1015.35;65.0;active
2024-02-12 03:00:00;SENSOR_004;Location_E;21.23;85.2;1003.76;39.7;active
2024-01-06 19:00:00;SENSOR_002;Location_C;23.75;77.6;1007.29;78.1;active
2024-01-26 12:00:00;SENSOR_009;Location_E;32.79;73.7;1005.82;44.6;active
2024-02-11 22:00:00;SENSOR_008;location_d;16.81;100.0;1020.04;50.4;active
2024-01-19 04:00:00;SENSOR_009;Location_E;62.62;81.4;1015.32;23.4;active
2024-02-17 22:00:00;SENSOR_009;Location_E;16.51;97.8;1026.27;55.8;active
2024-02-12 16:00:00;SENSOR_010;Location_A;28.33;76.3;1017.45;94.8;active
2024-02-25 06:00:00;SENSOR_004;Location_E;25.85;77.1;1006.17;37.8;active
2024-01-31 12:00:00;SENSOR_001;Location_B;33.91;59.3;997.36;48.2;active
2024-02-26 06:00:00;SENSOR_008;Location_D;26.96;70.7;1023.12;61.4;active
2024-02-02 04:00:00;SENSOR_009;Location_E;24.69;85.2;1006.77;55.0;active
2024-01-25 18:00:00;SENSOR_002;Location_C;27.43;69.8;1012.38;94.2;active
2024-01-05 18:00:00;SENSOR_008;Location_D;27.95;81.7;1016.71;67.6;active
2024-02-17 18:00:00;SENSOR_003;Location_D;24.66;78.9;1015.07;60.4;active
2024-01-01 04:00:00;SENSOR_009;Location_E;21.67;78.5;1015.13;59.1;active
2024-01-13 02:00:00;SENSOR_002;Location_C;20.71;80.9;1002.57;49.9;active
2024-02-20 08:00:00;SENSOR_004;Location_E;24.27;75.0;1011.33;89.8;active
2024-01-19 04:00:00;SENSOR_005;Location_A;19.87;83.0;1002.86;52.3;active
2024-01-02 14:00:00;SENSOR_009;Location_E;29.4;69.3;1001.69;68.6;active
2024-01-05 12:00:00;SENSOR_009;Location_E;31.77;69.6;1019.2;52.6;active
2024-02-24 17:00:00;SENSOR_005;Location_A;26.25;76.4;1012.31;99.3;active
2024-01-23 15:00:00;SENSOR_006;Location_B;30.82;70.0;1014.61;50.4;active
2024-02-27 04:00:00;SENSOR_004;Location_E;23.52;74.9;1007.11;62.3;active
2024-01-14 16:00:00;SENSOR_007;Location_C;28.83;75.4;1016.5;49.9;active
2024-01-20 07:00:00;SENSOR_010;Location_A;25.36;74.6;1008.19;86.4;active
2024-01-06 14:00:00;SENSOR_010;Location_A;32.02;64.2;1008.07;52.4;active
2024-01-03 18:00:00;SENSOR_010;Location_A;24.25;75.5;1005.11;93.3;active
2024-02-12 14:00:00;SENSOR_001;Location_B;34.59;;1017.56;44.8;active
2024-02-20 07:00:00;SENSOR_005;location_a;25.58;81.8;1006.51;99.6;active
2024-02-26 23:00:00;SENSOR_004;location_e;17.54;92.2;1023.48;32.2;active
2024-02-21 05:00:00;SENSOR_009;Location_E;23.86;79.8;989.0;40.2;active
2024-02-27 21:00:00;SENSOR_003;Location_D;14.0;95.5;1029.35;10.8;active
2024-02-28 05:00:00;SENSOR_008;location_d;20.28;80.6;998.08;52.1;active
2024-01-05 20:00:00;SENSOR_006;location_b;24.72;72.9;1015.01;55.2;active
2024-02-02 08:00:00;SENSOR_007;Location_C;26.96;72.1;1022.68;78.6;active
2024-01-31 06:00:00;SENSOR_008;Location_D;24.07;84.4;1001.9;35.4;active
2024-01-04 21:00:00;SENSOR_010;Location_A;18.75;84.9;1026.38;57.4;active
2024-02-03 11:00:00;SENSOR_004;Location_E;33.54;60.2;988.98;57.6;active
2024-01-05 03:00:00;SENSOR_008;Location_D;16.17;85.6;1007.65;66.3;active
2024-02-01 01:00:00;SENSOR_010;Location_A;19.74;82.6;1006.1;23.5;active
2024-02-28 14:00:00;SENSOR_009;Location_E;28.78;72.6;1019.82;51.9;active
2024-02-09 03:00:00;SENSOR_005;location_a;16.33;98.0;1003.03;29.5;active
2024-01-05 10:00:00;SENSOR_008;Location_D;34.91;61.8;1023.13;40.8;active
2024-01-27 10:00:00;SENSOR_006;Location_B;29.0;85.9;1008.41;45.8;active
2024-01-11 03:00:00;SENSOR_002;Location_C;21.73;81.7;1023.19;55.9;active
2024-02-12 07:00:00;SENSOR_002;Location_C;27.21;76.0;1005.29;71.0;active
2024-01-19 18:00:00;SENSOR_005;Location_A;25.03;74.1;1029.66;64.2;active
2024-02-16 06:00:00;SENSOR_009;Location_E;20.43;82.5;1012.41;40.8;active
2024-01-03 12:00:00;SENSOR_007;Location_C;35.76;66.1;1011.94;45.2;active
2024-01-31 09:00:00;SENSOR_005;Location_A;29.27;77.8;1026.44;63.6;active
2024-01-05 07:00:00;SENSOR_006;Location_B;29.92;69.6;1003.27;103.5;active
2024-02-19 12:00:00;SENSOR_004;Location_E;32.13;70.4;1001.49;54.0;active
2024-02-02 06:00:00;SENSOR_002;Location_C;27.3;75.0;1027.65;16.4;active
2024-02-06 19:00:00;SENSOR_008;Location_D;23.55;69.0;1020.07;90.9;active
2024-01-16 02:00:00;SENSOR_004;Location_E;18.85;81.5;1028.03;41.5;active
2024-02-12 08:00:00;SENSOR_002;Location_C;28.13;76.7;1005.92;66.2;active
2024-02-07 14:00:00;SENSOR_001;Location_B;28.0;79.4;1000.68;59.3;active
2024-01-23 05:00:00;SENSOR_006;Location_B;23.18;82.2;1019.93;31.0;active
2024-02-07 15:00:00;SENSOR_001;Location_B;29.23;;1023.29;65.4;active
2024-01-22 20:00:00;SENSOR_002;Location_C;21.24;90.3;1017.97;67.4;active
2024-02-25 12:00:00;SENSOR_007;Location_C;;59.1;1015.44;38.9;active
2024-01-15 23:00:00;SENSOR_005;Location_A;16.13;96.5;1031.17;61.9;active
2024-02-25 09:00:00;SENSOR_008;location_d;33.15;65.1;996.55;82.2;active
2024-02-14 05:00:00;SENSOR_001;Location_B;22.41;80.2;1003.37;46.6;active
2024-02-19 07:00:00;SENSOR_004;location_e;26.94;82.9;1013.42;77.5;active
2024-01-06 23:00:00;SENSOR_008;Location_D;19.68;84.7;1007.28;72.8;active
2024-01-01 14:00:00;SENSOR_002;Location_C;29.1;79.8;1026.23;20.0;active
2024-02-29 06:00:00;SENSOR_010;Location_A;23.35;89.0;1011.02;57.5;active
2024-01-04 22:00:00;SENSOR_002;Location_C;16.07;89.6;998.23;69.2;active
2024-02-09 02:00:00;SENSOR_005;Location_A;18.08;92.7;1019.0;56.1;active
2024-02-19 22:00:00;SENSOR_008;Location_D;20.55;86.3;1017.09;53.3;active
2024-02-06 20:00:00;SENSOR_001;Location_B;23.8;75.7;1009.21;55.9;active
2024-02-12 06:00:00;SENSOR_010;Location_A;27.03;80.5;1015.05;41.5;active
2024-02-20 22:00:00;SENSOR_002;Location_C;17.25;91.4;1014.2;64.5;active
2024-02-27 17:00:00;SENSOR_010;Location_A;23.4;83.1;1017.68;94.2;active
2024-01-26 08:00:00;SENSOR_001;location_b;27.53;75.2;1011.12;77.5;active
2024-02-13 14:00:00;SENSOR_008;Location_D;30.92;76.1;1024.86;64.4;active
2024-01-28 16:00:00;SENSOR_004;Location_E;30.17;74.8;1008.2;66.9;active
2024-01-13 09:00:00;SENSOR_008;Location_D;30.74;70.5;1026.33;85.9;active
2024-02-07 13:00:00;SENSOR_008;Location_D;35.05;60.2;1005.26;51.2;active
2024-01-06 08:00:00;SENSOR_007;Location_C;33.07;75.0;1003.97;107.5;active
2024-01-21 23:00:00;SENSOR_007;Location_C;15.74;87.7;1007.67;54.3;active
2024-01-20 18:00:00;SENSOR_004;Location_E;22.94;78.4;1015.89;108.0;active
2024-02-11 16:00:00;SENSOR_007;Location_C;27.22;76.4;1002.59;56.9;active
2024-02-20 02:00:00;SENSOR_010;Location_A;18.22;92.0;1021.92;65.8;active
2024-01-29 08:00:00;SENSOR_008;Location_D;28.47;68.4;1024.1;71.8;active
2024-01-30 01:00:00;SENSOR_009;Location_E;19.31;96.4;1018.37;10.5;active
2024-02-13 21:00:00;SENSOR_001;Location_B;16.42;90.4;1020.12;48.6;active
2024-01-05 15:00:00;SENSOR_009;location_e;30.86;71.8;1005.93;40.7;active
2024-01-31 05:00:00;SENSOR_007;Location_C;23.64;80.2;996.04;43.5;active
2024-01-02 21:00:00;SENSOR_009;location_e;18.25;92.3;1000.66;34.4;active
2024-01-02 16:00:00;SENSOR_008;Location_D;28.15;72.2;1033.67;63.0;active
2024-01-22 13:00:00;SENSOR_002;Location_C;97.36;60.9;998.42;73.4;active
2024-01-17 04:00:00;SENSOR_010;Location_A;24.65;84.1;1022.74;52.4;active
2024-01-07 02:00:00;SENSOR_007;Location_C;17.69;88.5;1021.92;55.9;active
2024-02-07 12:00:00;SENSOR_009;Location_E;33.83;64.6;1005.74;82.6;active
2024-01-05 03:00:00;SENSOR_001;Location_B;17.77;86.0;1014.84;68.7;active
2024-01-07 19:00:00;SENSOR_003;Location_D;20.72;82.2;1013.09;119.0;active
2024-01-08 00:00:00;SENSOR_001;Location_B;17.88;78.1;1005.52;9.4;active
2024-02-01 23:00:00;SENSOR_007;Location_C;14.55;90.6;1007.39;45.2;active
2024-02-13 11:00:00;SENSOR_004;Location_E;31.69;76.1;1038.56;50.7;active
2024-01-19 11:00:00;SENSOR_003;Location_D;33.04;71.8;1010.61;61.3;active
2024-02-23 02:00:00;SENSOR_005;Location_A;15.07;87.3;1017.07;88.5;active
2024-02-11 06:00:00;SENSOR_005;Location_A;26.82;80.6;1003.25;64.6;active
2024-01-17 04:00:00;SENSOR_005;Location_A;21.01;87.4;1012.94;48.6;active
2024-02-16 19:00:00;SENSOR_001;Location_B;24.07;72.9;1019.18;121.8;active
2024-01-30 19:00:00;SENSOR_004;Location_E;23.64;75.8;1006.84;45.5;active
2024-01-08 13:00:00;SENSOR_009;Location_E;37.32;52.8;992.98;58.5;active
2024-01-06 10:00:00;SENSOR_009;Location_E;30.05;67.9;1008.6;42.8;active
2024-02-17 18:00:00;SENSOR_005;Location_A;23.25;81.0;1040.25;86.9;active
2024-02-08 15:00:00;SENSOR_001;Location_B;29.43;68.4;1010.95;66.0;active
2024-02-14 08:00:00;SENSOR_004;location_e;27.36;77.8;1003.31;92.7;active
2024-02-16 12:00:00;SENSOR_005;Location_A;34.01;71.9;1019.65;37.5;active
2024-01-02 18:00:00;SENSOR_002;Location_C;;84.9;1013.91;82.0;active
2024-01-01 05:00:00;SENSOR_004;Location_E;27.59;71.9;1022.81;54.5;active
2024-01-12 11:00:00;SENSOR_006;Location_B;32.71;70.2;1008.41;44.0;active
2024-01-22 09:00:00;SENSOR_009;Location_E;30.51;67.1;1017.53;66.3;active
2024-02-18 21:00:00;SENSOR_006;Location_B;20.22;84.0;996.85;44.3;active
2024-01-13 07:00:00;SENSOR_008;Location_D;25.81;71.0;1023.89;76.9;active
2024-02-25 06:00:00;SENSOR_006;Location_B;23.49;73.4;1018.29;70.1;active
2024-01-17 03:00:00;SENSOR_001;Location_B;23.83;73.5;1018.34;53.9;active
2024-02-21 02:00:00;SENSOR_001;Location_B;17.65;91.2;999.86;28.0;active
2024-01-02 01:00:00;SENSOR_006;Location_B;19.4;89.1;1004.4;45.3;active
2024-02-18 23:00:00;SENSOR_010;Location_A;20.33;84.9;1018.6;49.1;active
2024-01-12 02:00:00;SENSOR_003;Location_D;18.29;92.2;994.13;60.7;active
2024-02-20 22:00:00;SENSOR_010;Location_A;23.36;77.3;1002.44;32.5;active
2024-01-24 13:00:00;SENSOR_003;Location_D;35.45;63.3;995.67;64.6;active
2024-01-09 05:00:00;SENSOR_003;Location_D;24.62;63.4;1003.08;50.5;active
2024-01-05 05:00:00;SENSOR_006;location_b;24.73;75.4;1017.38;51.0;active
2024-01-27 21:00:00;SENSOR_004;Location_E;15.92;90.2;1029.0;72.2;active
2024-01-18 00:00:00;SENSOR_010;Location_A;19.14;93.6;998.07;51.1;active
2024-01-31 03:00:00;SENSOR_010;Location_A;17.76;83.7;1027.16;38.4;active
2024-02-14 10:00:00;SENSOR_007;Location_C;33.1;59.7;1015.97;62.0;active
2024-02-19 21:00:00;SENSOR_003;Location_D;19.98;86.9;1007.84;35.2;active
2024-02-08 05:00:00;SENSOR_002;Location_C;23.73;74.5;1027.4;61.2;active
2024-01-07 10:00:00;SENSOR_007;Location_C;25.77;76.1;1001.69;55.9;active
2024-01-20 04:00:00;SENSOR_009;location_e;24.58;70.4;1034.1;59.8;active
2024-01-01 21:00:00;SENSOR_005;Location_A;18.13;96.2;992.56;31.5;active
2024-01-19 01:00:00;SENSOR_009;Location_E;19.64;79.7;989.33;59.0;active
2024-02-29 17:00:00;SENSOR_001;Location_B;28.97;66.5;1008.34;83.7;active
2024-01-03 06:00:00;SENSOR_006;location_b;27.34;;1007.31;53.3;active
2024-02-02 03:00:00;SENSOR_003;Location_D;16.76;;1017.11;34.9;active
2024-02-05 21:00:00;SENSOR_008;Location_D;19.05;86.4;1016.65;57.6;active
2024-01-16 17:00:00;SENSOR_009;location_e;24.77;79.5;1015.28;91.9;active
2024-02-25 07:00:00;SENSOR_008;Location_D;25.78;80.3;1010.57;59.9;active
2024-01-09 20:00:00;SENSOR_008;Location_D;22.48;75.1;1010.38;49.7;active
2024-01-03 10:00:00;SENSOR_009;Location_E;32.09;59.3;1005.46;83.1;active
2024-02-17 20:00:00;SENSOR_005;Location_A;24.07;84.8;1005.31;50.9;active
2024-02-14 04:00:00;SENSOR_004;Location_E;22.33;95.9;1011.74;54.6;active
2024-02-12 22:00:00;SENSOR_004;Location_E;15.43;97.5;992.5;39.1;active
2024-01-24 18:00:00;SENSOR_005;Location_A;27.63;64.5;1024.06;92.7;active
2024-01-15 15:00:00;SENSOR_004;Location_E;32.86;63.8;1011.12;31.8;active
2024-01-04 16:00:00;SENSOR_008;Location_D;32.07;64.0;1006.92;65.0;active
2024-02-07 06:00:00;SENSOR_002;Location_C;22.91;75.6;998.34;52.3;active
2024-01-05 02:00:00;SENSOR_005;Location_A;17.73;87.8;1005.82;36.9;active
2024-02-11 12:00:00;SENSOR_006;Location_B;31.24;68.1;1016.73;49.1;active
2024-02-21 16:00:00;SENSOR_002;Location_C;27.86;79.4;1009.31;61.8;active
2024-01-21 03:00:00;SENSOR_005;location_a;19.46;89.4;1012.37;56.6;active
2024-01-09 03:00:00;SENSOR_009;Location_E;17.57;87.9;1012.81;59.2;active
2024-02-10 02:00:00;SENSOR_003;Location_D;19.06;79.9;1012.88;45.9;active
2024-01-16 08:00:00;SENSOR_004;Location_E;28.13;65.4;1006.92;71.7;active
2024-01-12 09:00:00;SENSOR_001;Location_B;30.14;69.3;1007.78;62.1;active
2024-02-28 18:00:00;SENSOR_007;Location_C;26.59;71.6;1036.57;80.3;active
2024-02-29 14:00:00;SENSOR_006;location_b;31.86;69.5;1018.1;53.7;active
2024-02-10 06:00:00;SENSOR_002;Location_C;20.83;82.4;1006.37;55.2;active
2024-01-17 10:00:00;SENSOR_009;Location_E;32.44;;988.14;54.9;active
2024-01-02 15:00:00;SENSOR_007;Location_C;27.52;71.1;1000.93;51.9;active
2024-02-06 06:00:00;SENSOR_002;Location_C;22.66;86.6;999.79;35.3;active
2024-02-18 04:00:00;SENSOR_002;Location_C;22.27;86.9;1019.22;34.0;active
2024-02-18 19:00:00;SENSOR_007;Location_C;26.2;78.0;1010.41;88.2;active
2024-02-22 02:00:00;SENSOR_003;Location_D;16.94;100.0;1015.68;45.4;active
2024-01-24 05:00:00;SENSOR_003;Location_D;21.11;84.1;1006.31;26.0;active
2024-02-09 08:00:00;SENSOR_006;location_b;28.28;82.7;1035.02;76.4;active
2024-02-02 22:00:00;SENSOR_008;Location_D;18.49;84.4;1017.88;69.6;active
2024-01-27 05:00:00;SENSOR_005;Location_A;20.31;79.1;1028.13;39.5;active
2024-01-14 20:00:00;SENSOR_010;Location_A;19.17;86.8;1007.88;55.0;active
2024-02-27 02:00:00;SENSOR_002;Location_C;13.16;99.6;1010.49;57.8;active
2024-02-21 13:00:00;SENSOR_007;Location_C;28.77;70.1;1028.83;61.1;active
2024-02-12 20:00:00;SENSOR_010;Location_A;21.11;91.1;1007.43;29.4;active
2024-01-20 12:00:00;SENSOR_001;Location_B;;62.0;1011.18;38.5;active
2024-02-23 20:00:00;SENSOR_007;location_c;19.68;96.2;1023.23;43.2;active
2024-02-25 12:00:00;SENSOR_010;Location_A;32.04;62.4;1011.97;39.0;active
2024-01-19 13:00:00;SENSOR_008;Location_D;31.32;66.5;1005.8;51.7;active
2024-01-07 15:00:00;SENSOR_006;Location_B;28.56;68.6;1012.21;40.6;maintenance
2024-01-23 05:00:00;SENSOR_001;Location_B;22.39;83.1;1008.86;35.6;active
2024-01-01 19:00:00;SENSOR_001;Location_B;25.57;82.2;1022.83;75.8;active
2024-02-05 16:00:00;SENSOR_010;Location_A;31.11;71.9;1019.36;46.4;active
2024-02-26 01:00:00;SENSOR_004;Location_E;19.96;83.3;1000.18;49.4;active
2024-02-23 00:00:00;SENSOR_007;Location_C;18.38;93.9;1010.53;36.8;active
2024-01-26 11:00:00;SENSOR_006;Location_B;31.38;66.8;1011.31;56.8;active
2024-01-30 11:00:00;SENSOR_010;Location_A;33.01;67.5;1011.88;44.9;active
2024-01-22 00:00:00;SENSOR_002;Location_C;17.27;82.8;1007.47;40.3;active
2024-01-15 21:00:00;SENSOR_001;Location_B;18.72;83.6;1001.89;54.2;active
2024-02-21 12:00:00;SENSOR_002;Location_C;32.87;62.6;1011.13;51.8;active
2024-02-08 10:00:00;SENSOR_005;Location_A;30.16;67.3;996.03;40.4;active
2024-02-10 15:00:00;SENSOR_005;Location_A;31.44;70.4;1010.08;49.1;active
2024-02-23 03:00:00;SENSOR_008;Location_D;20.42;88.9;1022.68;53.2;active
2024-01-21 02:00:00;SENSOR_009;Location_E;16.56;88.3;1005.02;62.5;active
2024-01-04 19:00:00;SENSOR_004;Location_E;22.02;80.8;1030.98;99.9;active
2024-02-15 03:00:00;SENSOR_003;Location_D;11.4;90.0;1008.74;52.7;active
2024-01-08 21:00:00;SENSOR_008;Location_D;15.79;93.3;1032.94;33.7;active
2024-01-12 18:00:00;SENSOR_002;Location_C;25.79;75.8;1001.75;70.9;active
2024-02-04 08:00:00;SENSOR_008;Location_D;32.61;68.3;1012.21;103.6;active
2024-01-29 10:00:00;SENSOR_003;Location_D;31.0;72.9;1021.77;72.1;maintenance
2024-02-14 01:00:00;SENSOR_007;Location_C;16.63;84.9;1021.55;49.3;active
2024-01-21 12:00:00;SENSOR_003;Location_D;33.25;65.3;1005.16;60.5;active
2024-01-11 06:00:00;SENSOR_010;Location_A;23.97;90.0;1014.9;32.3;active
2024-01-02 15:00:00;SENSOR_003;Location_D;29.46;69.4;1015.79;52.9;active
2024-02-07 05:00:00;SENSOR_009;Location_E;21.6;79.0;1034.43;51.1;active
2024-01-29 07:00:00;SENSOR_002;Location_C;23.62;85.8;1024.49;92.6;active
2024-02-23 08:00:00;SENSOR_006;Location_B;29.59;;1003.53;83.2;active
2024-01-01 03:00:00;SENSOR_008;Location_D;18.37;87.8;1036.23;50.4;active
2024-02-09 01:00:00;SENSOR_010;Location_A;18.22;86.6;1019.72;64.3;active
2024-01-08 07:00:00;SENSOR_010;Location_A;26.13;68.1;1001.15;100.9;active
2024-01-07 19:00:00;SENSOR_006;Location_B;23.85;75.7;999.69;73.5;active
2024-02-27 21:00:00;SENSOR_005;Location_A;18.88;90.6;1010.74;51.6;active
2024-01-07 23:00:00;SENSOR_007;Location_C;19.3;86.8;1007.28;53.4;active
2024-02-19 10:00:00;SENSOR_005;Location_A;29.06;68.3;1026.95;40.0;active
2024-02-23 08:00:00;SENSOR_009;Location_E;31.07;65.4;1009.11;55.1;active
2024-01-22 05:00:00;SENSOR_004;Location_E;21.2;76.9;1032.51;41.9;active
2024-02-15 13:00:00;SENSOR_007;Location_C;33.3;56.9;1032.26;46.2;active
2024-01-01 20:00:00;SENSOR_007;Location_C;21.23;81.4;1016.95;50.5;active
2024-01-12 16:00:00;SENSOR_002;Location_C;30.04;70.0;1000.52;59.2;active
2024-02-17 18:00:00;SENSOR_010;Location_A;26.61;75.3;1014.31;90.7;active
2024-02-15 12:00:00;SENSOR_010;Location_A;34.71;64.4;1021.05;26.8;active
2024-01-10 00:00:00;SENSOR_008;Location_D;16.88;92.4;1000.74;27.7;active
2024-01-22 13:00:00;SENSOR_009;Location_E;34.55;61.8;1004.6;47.2;active
2024-01-09 16:00:00;SENSOR_009;Location_E;27.15;77.5;1033.73;45.1;active
2024-02-06 20:00:00;SENSOR_006;location_b;19.43;88.3;1020.23;66.8;active
2024-01-12 07:00:00;SENSOR_006;Location_B;29.44;68.0;992.82;55.7;active
2024-02-27 14:00:00;SENSOR_007;location_c;34.94;;1009.33;47.0;active
2024-02-11 23:00:00;SENSOR_007;Location_C;15.29;91.4;998.58;31.4;active
2024-01-23 08:00:00;SENSOR_010;Location_A;29.82;68.4;1010.18;64.6;active
2024-02-12 12:00:00;SENSOR_004;Location_E;32.82;67.3;1009.37;42.7;active
2024-02-22 00:00:00;SENSOR_004;Location_E;18.8;84.2;1005.53;49.9;active
2024-02-06 18:00:00;SENSOR_004;Location_E;26.73;74.6;1017.33;79.1;active
2024-02-01 14:00:00;SENSOR_008;Location_D;34.9;58.9;1029.63;46.6;active
2024-02-24 18:00:00;SENSOR_006;Location_B;20.63;86.1;1014.61;71.8;active
2024-02-29 13:00:00;SENSOR_007;location_c;31.43;79.0;1002.27;76.5;active
2024-02-13 21:00:00;SENSOR_008;Location_D;18.18;90.5;1015.45;35.8;active
2024-01-03 05:00:00;SENSOR_009;Location_E;21.25;81.8;1002.32;64.0;active
2024-01-28 12:00:00;SENSOR_007;Location_C;33.86;62.8;1014.03;59.1;maintenance
2024-01-30 21:00:00;SENSOR_006;Location_B;18.02;88.8;990.82;36.6;active
2024-02-04 20:00:00;SENSOR_001;location_b;17.57;96.1;1002.81;27.5;active
2024-01-10 02:00:00;SENSOR_001;Location_B;19.58;82.3;1004.0;54.5;active
2024-01-15 14:00:00;SENSOR_005;Location_A;30.62;67.7;1015.04;54.1;active
2024-02-28 13:00:00;SENSOR_004;location_e;32.1;67.9;1007.06;40.4;active
2024-01-10 23:00:00;SENSOR_005;Location_A;15.04;91.1;1005.51;48.4;active
2024-02-14 01:00:00;SENSOR_006;Location_B;17.39;87.4;1011.92;62.9;active
2024-01-14 15:00:00;SENSOR_001;location_b;30.67;64.9;993.87;34.9;active
2024-01-13 19:00:00;SENSOR_003;Location_D;22.32;77.3;1017.32;82.3;active
2024-01-15 17:00:00;SENSOR_003;Location_D;24.5;81.5;1006.6;82.4;active
2024-01-03 03:00:00;SENSOR_002;Location_C;15.32;96.3;1001.66;49.5;active
2024-02-14 16:00:00;SENSOR_002;Location_C;27.1;71.0;1005.09;51.4;active
2024-01-27 17:00:00;SENSOR_002;Location_C;24.48;86.0;990.84;81.4;active
2024-01-04 15:00:00;SENSOR_007;Location_C;26.53;75.7;1012.86;45.8;active
2024-01-23 01:00:00;SENSOR_006;Location_B;16.49;94.0;1027.92;46.4;active
2024-01-06 06:00:00;SENSOR_009;Location_E;28.57;78.4;1019.98;45.9;active
2024-01-02 23:00:00;SENSOR_004;Location_E;12.51;100.0;1018.39;52.8;active
2024-01-21 06:00:00;SENSOR_009;Location_E;22.34;80.0;1011.14;56.5;active
2024-01-03 00:00:00;SENSOR_007;location_c;13.62;93.2;1026.28;44.3;active
2024-02-09 17:00:00;SENSOR_010;Location_A;29.32;78.7;1018.77;93.2;active
2024-01-09 20:00:00;SENSOR_009;Location_E;20.04;78.9;1020.69;41.3;active
2024-02-25 11:00:00;SENSOR_006;location_b;33.26;64.3;1011.87;26.1;active
2024-01-08 22:00:00;SENSOR_003;Location_D;22.35;80.3;1001.32;55.7;active
2024-02-13 17:00:00;SENSOR_004;Location_E;27.64;84.3;1020.35;88.3;active
2024-01-10 04:00:00;SENSOR_010;Location_A;20.18;82.4;1016.94;62.2;active
2024-01-20 11:00:00;SENSOR_004;Location_E;36.36;58.2;1002.79;45.9;active
2024-01-02 23:00:00;SENSOR_001;Location_B;18.65;88.8;1008.03;54.8;active
2024-01-21 07:00:00;SENSOR_001;Location_B;27.31;73.9;995.73;73.0;active
2024-02-22 19:00:00;SENSOR_009;Location_E;21.73;85.1;1022.53;88.0;active
2024-01-23 21:00:00;SENSOR_002;Location_C;19.91;81.0;1013.93;50.6;active
2024-01-25 08:00:00;SENSOR_006;Location_B;26.68;75.0;1009.31;62.4;active
2024-01-24 16:00:00;SENSOR_001;location_b;27.69;;1020.89;53.2;active
2024-02-11 00:00:00;SENSOR_010;Location_A;16.31;88.4;1011.71;57.1;active
2024-01-08 05:00:00;SENSOR_005;Location_A;22.63;85.8;1010.97;43.4;active
2024-02-14 15:00:00;SENSOR_004;location_e;30.25;64.2;1019.59;45.7;active
2024-01-30 05:00:00;SENSOR_007;Location_C;23.17;76.0;1018.22;57.0;active
2024-02-12 03:00:00;SENSOR_003;Location_D;17.45;93.3;1016.88;28.6;active
2024-01-16 16:00:00;SENSOR_004;Location_E;28.97;68.9;1008.01;58.3;active
2024-01-05 20:00:00;SENSOR_007;Location_C;20.95;87.3;1008.68;33.8;active
2024-02-28 19:00:00;SENSOR_008;Location_D;20.89;83.4;1030.44;72.1;active
2024-01-07 03:00:00;SENSOR_010;Location_A;17.92;90.0;1005.54;38.6;active
2024-01-19 07:00:00;SENSOR_008;location_d;26.22;72.6;1018.87;70.6;active
2024-02-07 19:00:00;SENSOR_001;Location_B;21.34;88.8;1026.4;101.2;active
2024-01-08 03:00:00;SENSOR_002;Location_C;18.43;92.5;1012.53;42.1;active
2024-01-08 20:00:00;SENSOR_001;Location_B;19.33;84.0;1009.23;73.3;active
2024-01-26 09:00:00;SENSOR_009;Location_E;31.49;73.1;1015.32;75.4;active
2024-02-25 00:00:00;SENSOR_001;Location_B;17.68;85.2;1023.43;56.9;active
2024-02-29 07:00:00;SENSOR_004;Location_E;28.1;72.3;1018.2;103.7;active
2024-02-15 16:00:00;SENSOR_007;Location_C;29.84;66.9;1010.16;34.7;active
2024-02-15 17:00:00;SENSOR_010;Location_A;29.14;74.6;1017.96;82.6;active
2024-01-11 01:00:00;SENSOR_006;Location_B;17.49;90.7;1015.34;21.3;active
2024-01-14 12:00:00;SENSOR_003;Location_D;31.65;65.2;1021.11;63.9;active
2024-02-21 01:00:00;SENSOR_001;Location_B;17.88;79.4;1025.89;48.5;active
2024-02-21 03:00:00;SENSOR_010;Location_A;19.14;86.7;1018.83;49.3;active
2024-01-24 22:00:00;SENSOR_007;Location_C;16.27;90.2;1016.73;66.2;active
2024-01-21 04:00:00;SENSOR_007;Location_C;19.36;82.1;1016.99;54.0;active
2024-02-27 00:00:00;SENSOR_001;Location_B;20.49;86.1;1008.65;44.5;active
2024-01-06 08:00:00;SENSOR_005;Location_A;27.22;70.4;1002.55;91.7;active
2024-02-09 04:00:00;SENSOR_009;Location_E;19.86;86.7;1021.47;38.9;active
2024-01-20 20:00:00;SENSOR_001;Location_B;18.33;89.4;1015.83;31.9;active
2024-01-05 04:00:00;SENSOR_004;Location_E;19.18;76.0;1023.22;29.3;active
2024-02-01 06:00:00;SENSOR_007;location_c;26.56;72.3;1016.39;44.9;active
2024-01-14 20:00:00;SENSOR_006;Location_B;19.38;86.2;993.66;29.7;active
2024-02-15 22:00:00;SENSOR_004;Location_E;22.22;85.0;1024.62;61.2;active
2024-01-16 13:00:00;SENSOR_001;location_b;32.32;69.9;1012.43;45.6;active
2024-01-26 07:00:00;SENSOR_010;Location_A;27.19;77.4;1007.74;118.7;active
2024-01-07 22:00:00;SENSOR_002;Location_C;17.41;89.2;1018.27;39.0;active
2024-01-26 08:00:00;SENSOR_003;Location_D;29.67;79.5;1018.35;54.2;active
2024-01-29 04:00:00;SENSOR_010;Location_A;21.35;75.6;1011.91;71.4;active
2024-01-15 15:00:00;SENSOR_007;Location_C;32.24;62.4;1008.6;42.3;active
2024-02-21 11:00:00;SENSOR_003;Location_D;34.57;66.2;1022.49;41.0;active
2024-02-01 06:00:00;SENSOR_004;Location_E;26.36;69.7;1020.04;68.4;active
2024-01-10 23:00:00;SENSOR_007;Location_C;14.29;95.6;1005.61;44.2;active
2024-02-08 12:00:00;SENSOR_010;location_a;32.09;59.9;1020.53;30.9;active
2024-01-12 22:00:00;SENSOR_001;Location_B;18.1;81.1;1019.6;55.3;active
2024-01-23 14:00:00;SENSOR_001;Location_B;32.3;57.5;1013.68;65.5;active
2024-01-04 21:00:00;SENSOR_002;Location_C;16.79;81.2;993.4;53.1;active
2024-02-19 19:00:00;SENSOR_007;Location_C;24.66;73.7;1004.2;71.6;active
2024-02-12 21:00:00;SENSOR_006;Location_B;20.98;83.8;1023.42;38.1;active
2024-01-14 21:00:00;SENSOR_004;Location_E;19.05;91.0;1009.98;57.4;active
2024-01-09 15:00:00;SENSOR_006;Location_B;30.4;71.7;1001.23;30.1;active
2024-02-26 09:00:00;SENSOR_003;Location_D;28.1;70.7;992.01;78.0;active
2024-02-17 00:00:00;SENSOR_005;Location_A;18.67;92.2;1000.84;59.1;active
2024-02-09 23:00:00;SENSOR_004;Location_E;17.56;83.1;996.19;37.2;active
2024-02-08 06:00:00;SENSOR_009;Location_E;24.22;79.2;1004.82;59.6;active
2024-01-20 15:00:00;SENSOR_003;Location_D;29.11;86.4;1013.35;69.3;active
2024-01-13 23:00:00;SENSOR_008;Location_D;15.61;97.9;1014.43;63.7;active
2024-02-22 22:00:00;SENSOR_001;Location_B;19.03;85.3;1002.1;33.1;active
2024-01-29 23:00:00;SENSOR_005;Location_A;17.27;85.0;1015.15;49.9;active
2024-02-05 20:00:00;SENSOR_006;Location_B;21.84;90.1;1017.34;74.6;active
2024-01-31 05:00:00;SENSOR_010;Location_A;22.45;82.5;1018.97;41.1;active
2024-02-25 19:00:00;SENSOR_004;Location_E;24.18;74.4;1014.25;67.6;active
2024-02-10 17:00:00;SENSOR_003;Location_D;26.24;77.9;1015.71;88.7;active
2024-02-25 05:00:00;SENSOR_008;Location_D;21.23;88.4;1012.28;37.9;active
2024-02-14 19:00:00;SENSOR_003;Location_D;21.47;81.5;1002.78;78.7;active
2024-02-13 15:00:00;SENSOR_006;Location_B;29.54;76.9;1015.32;46.3;active
2024-01-06 02:00:00;SENSOR_002;Location_C;18.43;80.6;989.41;77.3;active
2024-01-02 03:00:00;SENSOR_001;Location_B;19.73;95.3;1005.25;23.8;active
2024-02-17 23:00:00;SENSOR_003;location_d;20.48;87.7;1013.29;52.1;active
2024-02-14 04:00:00;SENSOR_005;Location_A;21.01;80.3;1018.47;55.1;active
2024-01-21 11:00:00;SENSOR_003;Location_D;29.84;;1019.23;65.4;active
2024-01-28 07:00:00;SENSOR_002;Location_C;24.24;78.1;1008.0;53.3;active
2024-02-06 09:00:00;SENSOR_003;Location_D;29.73;73.5;1020.61;55.0;active
2024-01-19 14:00:00;SENSOR_006;Location_B;34.09;66.9;1022.08;37.1;active
2024-01-27 23:00:00;SENSOR_004;Location_E;15.55;90.8;1014.61;53.6;active
2024-01-14 19:00:00;SENSOR_007;location_c;20.54;88.2;998.41;61.9;active
2024-01-29 01:00:00;SENSOR_006;Location_B;18.39;86.8;1013.94;70.0;active
2024-02-24 17:00:00;SENSOR_002;Location_C;24.28;84.7;1025.86;111.0;active
2024-02-10 14:00:00;SENSOR_005;Location_A;28.24;77.0;1009.24;33.4;active
2024-02-18 22:00:00;SENSOR_002;Location_C;18.38;93.0;994.96;71.7;active
2024-01-13 19:00:00;SENSOR_002;Location_C;23.54;92.9;1004.98;84.5;active
2024-01-29 13:00:00;SENSOR_009;Location_E;31.38;75.7;1015.28;17.0;active
2024-01-25 22:00:00;SENSOR_003;Location_D;15.11;90.7;1028.17;47.2;active
2024-02-29 02:00:00;SENSOR_001;Location_B;16.54;91.0;1016.25;54.9;active
2024-01-11 12:00:00;SENSOR_007;Location_C;33.51;67.0;1013.72;53.4;active
2024-02-08 01:00:00;SENSOR_008;Location_D;12.46;93.2;1007.98;39.6;active
2024-01-24 12:00:00;SENSOR_006;Location_B;30.45;65.1;1028.6;43.9;active
2024-01-17 11:00:00;SENSOR_007;Location_C;30.82;69.9;1012.14;40.9;active
2024-01-31 00:00:00;SENSOR_010;Location_A;16.83;90.1;1006.48;62.4;active
2024-02-10 22:00:00;SENSOR_008;Location_D;14.46;98.2;1017.37;52.9;active
2024-02-16 13:00:00;SENSOR_010;Location_A;30.5;73.2;1010.56;57.0;active
2024-02-01 04:00:00;SENSOR_009;Location_E;15.79;92.4;1007.3;23.5;active
2024-01-16 23:00:00;SENSOR_007;Location_C;20.16;88.1;1013.13;46.8;active
2024-01-09 15:00:00;SENSOR_003;Location_D;30.76;77.0;1012.71;24.0;active
2024-01-14 08:00:00;SENSOR_004;Location_E;25.85;78.5;1000.05;75.8;active
2024-02-13 12:00:00;SENSOR_008;Location_D;32.03;65.6;1004.88;38.9;active
2024-01-05 11:00:00;SENSOR_002;Location_C;33.02;68.5;1002.04;66.4;active
2024-01-17 01:00:00;SENSOR_001;Location_B;18.33;92.2;1022.63;44.7;active
2024-02-20 17:00:00;SENSOR_001;Location_B;26.77;79.3;1021.82;88.1;active
2024-02-17 21:00:00;SENSOR_002;Location_C;19.44;75.6;1027.52;66.8;active
2024-02-26 18:00:00;SENSOR_002;Location_C;26.47;76.6;1005.76;82.3;active
2024-01-13 00:00:00;SENSOR_009;Location_E;17.33;92.3;1007.08;69.9;active
2024-01-12 13:00:00;SENSOR_007;Location_C;31.53;72.8;1024.51;45.9;maintenance
2024-01-31 14:00:00;SENSOR_008;Location_D;29.29;71.7;1013.08;61.4;active
2024-01-13 23:00:00;SENSOR_001;Location_B;18.01;91.4;1027.62;63.1;active
2024-02-19 00:00:00;SENSOR_004;Location_E;17.33;83.4;1002.1;31.9;active
2024-02-06 14:00:00;SENSOR_010;Location_A;30.81;63.3;1009.92;29.0;active
2024-02-09 09:00:00;SENSOR_010;location_a;27.68;74.1;1020.42;102.8;active
2024-01-11 02:00:00;SENSOR_007;Location_C;20.59;78.9;1016.14;32.9;active
2024-01-12 10:00:00;SENSOR_002;Location_C;30.08;74.7;1028.37;29.9;active
2024-01-05 22:00:00;SENSOR_003;Location_D;16.37;81.1;1014.03;52.8;active
2024-02-17 14:00:00;SENSOR_002;location_c;30.02;65.7;1005.81;74.3;active
2024-02-17 12:00:00;SENSOR_007;Location_C;31.71;69.3;1001.34;40.5;active
2024-02-28 02:00:00;SENSOR_010;Location_A;16.58;90.8;1003.07;38.0;active
2024-02-10 17:00:00;SENSOR_001;Location_B;28.75;72.9;1019.27;57.1;active
2024-01-01 14:00:00;SENSOR_008;Location_D;30.73;65.9;1010.78;32.5;active
2024-02-04 21:00:00;SENSOR_010;Location_A;21.36;69.2;1003.7;51.0;active
2024-01-12 09:00:00;SENSOR_010;location_a;27.22;73.2;1022.16;46.2;active
2024-02-29 14:00:00;SENSOR_008;Location_D;29.27;67.2;1020.76;54.3;active
2024-02-06 11:00:00;SENSOR_002;Location_C;33.28;55.5;996.34;49.3;active
2024-02-12 13:00:00;SENSOR_006;Location_B;26.78;74.1;1012.51;31.4;active
2024-01-24 02:00:00;SENSOR_004;location_e;17.65;85.5;1009.96;58.2;active
2024-02-12 11:00:00;SENSOR_002;Location_C;35.46;60.7;1018.92;66.0;active
2024-01-30 09:00:00;SENSOR_003;Location_D;28.43;;1012.37;97.5;active
2024-02-17 16:00:00;SENSOR_004;Location_E;29.51;72.7;1009.34;58.3;active
2024-01-16 23:00:00;SENSOR_005;Location_A;16.73;88.8;1020.77;27.6;active
2024-01-11 11:00:00;SENSOR_009;Location_E;32.73;74.1;1034.24;86.2;active
2024-02-23 11:00:00;SENSOR_009;Location_E;32.9;65.7;1013.45;50.5;active
2024-01-29 00:00:00;SENSOR_010;Location_A;16.45;89.7;1019.47;52.4;active
2024-02-27 14:00:00;SENSOR_004;Location_E;31.1;70.0;1010.84;53.8;active
2024-01-26 12:00:00;SENSOR_010;Location_A;29.47;71.6;1007.11;37.5;active
2024-01-05 07:00:00;SENSOR_005;Location_A;25.46;80.3;1027.0;69.6;active
2024-02-16 12:00:00;SENSOR_009;Location_E;34.84;62.1;1013.55;25.3;active
2024-02-21 23:00:00;SENSOR_003;location_d;14.96;91.1;1012.47;33.4;active
2024-01-15 17:00:00;SENSOR_001;Location_B;24.34;83.3;1009.74;94.7;active
2024-01-31 15:00:00;SENSOR_001;Location_B;32.3;68.2;1005.7;22.3;active
2024-01-22 05:00:00;SENSOR_007;Location_C;25.99;74.5;1011.38;62.5;active
2024-01-22 20:00:00;SENSOR_006;Location_B;20.95;77.2;1023.59;50.3;active
2024-01-26 21:00:00;SENSOR_007;Location_C;19.26;89.3;1026.28;54.0;active
2024-01-08 10:00:00;SENSOR_003;Location_D;31.31;63.8;1025.67;51.3;active
2024-02-03 00:00:00;SENSOR_002;Location_C;17.86;82.8;1007.29;35.4;active
2024-02-07 23:00:00;SENSOR_002;Location_C;17.86;89.1;999.94;29.0;active
2024-02-09 14:00:00;SENSOR_002;Location_C;31.4;68.6;1024.95;41.3;active
2024-01-01 14:00:00;SENSOR_001;Location_B;33.7;60.1;999.4;71.6;active
2024-02-18 05:00:00;SENSOR_008;Location_D;20.79;90.1;1000.47;42.1;maintenance
2024-01-25 06:00:00;SENSOR_010;Location_A;27.75;71.6;1011.65;46.7;active
2024-02-05 04:00:00;SENSOR_003;Location_D;20.78;85.7;1012.37;38.0;active
2024-02-06 12:00:00;SENSOR_004;Location_E;36.5;67.5;1016.09;40.4;active
2024-01-13 16:00:00;SENSOR_008;Location_D;29.59;66.7;1026.02;56.5;active
2024-01-06 01:00:00;SENSOR_007;location_c;18.77;89.9;1013.24;50.5;active
2024-01-26 13:00:00;SENSOR_010;Location_A;33.91;73.2;992.22;65.1;active
2024-02-02 06:00:00;SENSOR_006;Location_B;21.57;86.5;987.76;59.0;active
2024-02-27 05:00:00;SENSOR_001;Location_B;22.77;81.6;1026.26;54.1;active
2024-01-30 22:00:00;SENSOR_006;Location_B;15.36;90.4;1011.84;55.6;active
2024-02-10 17:00:00;SENSOR_006;Location_B;28.86;73.3;1023.69;81.9;active
2024-01-17 12:00:00;SENSOR_006;Location_B;29.72;64.6;1003.9;27.2;active
2024-01-30 12:00:00;SENSOR_006;Location_B;29.08;68.0;1003.29;43.5;active
2024-02-01 05:00:00;SENSOR_001;Location_B;22.18;86.5;1016.35;60.9;active
2024-02-05 22:00:00;SENSOR_001;location_b;17.6;81.6;1000.21;30.8;active
2024-01-12 09:00:00;SENSOR_002;Location_C;31.36;68.1;1013.15;89.1;active
2024-02-19 12:00:00;SENSOR_008;Location_D;31.83;72.8;1013.96;75.4;active
2024-02-08 15:00:00;SENSOR_007;Location_C;30.07;70.8;1033.15;33.3;active
2024-01-06 04:00:00;SENSOR_009;Location_E;18.48;84.2;997.8;19.8;active
2024-02-01 02:00:00;SENSOR_006;Location_B;15.86;94.3;1037.79;32.1;active
2024-02-12 17:00:00;SENSOR_006;location_b;28.19;72.4;1014.0;101.1;active
2024-01-16 00:00:00;SENSOR_001;Location_B;14.45;85.1;1026.1;60.8;active
2024-02-15 04:00:00;SENSOR_010;Location_A;18.38;93.8;1023.38;50.5;active
2024-02-12 23:00:00;SENSOR_002;Location_C;16.51;82.6;1018.83;56.4;active
2024-02-25 15:00:00;SENSOR_003;Location_D;30.07;81.8;1021.82;31.8;active
2024-02-15 14:00:00;SENSOR_004;Location_E;30.14;73.0;1007.2;55.6;active
2024-02-10 08:00:00;SENSOR_005;Location_A;30.01;57.5;1017.19;101.1;active
2024-01-18 02:00:00;SENSOR_001;Location_B;19.2;95.9;1007.12;32.5;active
2024-02-05 06:00:00;SENSOR_006;Location_B;24.46;80.4;1003.24;15.1;active
2024-02-04 11:00:00;SENSOR_002;Location_C;34.59;66.7;1021.57;61.1;active
2024-02-21 02:00:00;SENSOR_008;Location_D;19.37;;1005.47;27.8;active
2024-02-09 17:00:00;SENSOR_003;Location_D;26.28;71.4;1015.52;64.2;active
2024-01-13 10:00:00;SENSOR_004;location_e;32.69;57.2;998.75;33.9;active
2024-01-25 20:00:00;SENSOR_006;Location_B;22.23;81.6;1006.75;51.5;active
2024-02-28 04:00:00;SENSOR_009;Location_E;15.27;95.6;1021.2;52.2;active
2024-01-02 21:00:00;SENSOR_010;Location_A;22.08;83.7;1001.68;60.4;active
2024-01-05 19:00:00;SENSOR_003;Location_D;;88.6;1021.8;108.6;active
2024-01-12 21:00:00;SENSOR_004;Location_E;19.58;81.9;1039.19;46.7;active
2024-02-11 15:00:00;SENSOR_007;Location_C;28.81;72.6;1007.05;49.7;active
2024-01-05 05:00:00;SENSOR_001;Location_B;23.73;80.5;1009.14;46.1;active
2024-01-11 17:00:00;SENSOR_002;location_c;28.13;70.6;1018.62;86.5;active
2024-01-17 20:00:00;SENSOR_002;Location_C;21.63;95.2;998.96;48.1;active
2024-01-07 14:00:00;SENSOR_007;Location_C;34.72;71.6;1015.08;49.8;active
2024-01-23 22:00:00;SENSOR_006;Location_B;17.74;89.9;1026.44;67.2;active
2024-02-19 17:00:00;SENSOR_003;Location_D;24.75;80.5;1017.33;81.8;active
2024-02-14 00:00:00;SENSOR_007;Location_C;17.95;;1005.81;55.9;active
2024-01-08 16:00:00;SENSOR_004;Location_E;31.75;74.0;1013.08;71.6;active
2024-01-12 16:00:00;SENSOR_001;Location_B;29.36;75.8;1008.97;39.6;maintenance
2024-02-28 02:00:00;SENSOR_004;Location_E;18.21;86.3;1022.13;65.9;active
2024-02-21 12:00:00;SENSOR_004;Location_E;32.49;66.7;1012.07;52.3;active
2024-02-18 17:00:00;SENSOR_009;Location_E;23.37;76.8;1031.42;102.5;active
2024-01-31 11:00:00;SENSOR_006;Location_B;31.62;63.9;1021.43;86.0;active
2024-02-06 08:00:00;SENSOR_002;Location_C;31.01;68.3;998.94;60.2;active
2024-01-27 18:00:00;SENSOR_003;Location_D;22.29;80.3;998.84;70.8;active
2024-02-12 05:00:00;SENSOR_002;Location_C;26.52;76.7;1012.46;57.3;active
2024-02-17 23:00:00;SENSOR_008;Location_D;20.7;78.6;1013.66;46.6;active
2024-02-02 02:00:00;SENSOR_004;Location_E;16.05;81.3;1011.48;56.3;active
2024-02-21 18:00:00;SENSOR_003;Location_D;24.6;76.0;1005.97;88.5;active
2024-02-27 17:00:00;SENSOR_001;Location_B;29.99;75.4;991.75;53.8;active
2024-02-10 06:00:00;SENSOR_003;Location_D;27.29;74.7;1011.14;45.7;active
2024-01-27 23:00:00;SENSOR_002;Location_C;14.42;88.4;1015.9;47.5;active
2024-01-16 06:00:00;SENSOR_005;Location_A;29.72;70.6;1012.6;21.3;active
2024-01-13 01:00:00;SENSOR_003;Location_D;13.87;91.1;1022.98;43.8;active
2024-01-27 14:00:00;SENSOR_006;Location_B;31.25;63.9;1006.83;75.1;active
2024-01-19 16:00:00;SENSOR_003;Location_D;27.2;70.0;1013.26;44.5;active
2024-01-29 22:00:00;SENSOR_007;Location_C;17.59;90.7;1000.81;42.2;active
2024-01-19 23:00:00;SENSOR_001;location_b;15.52;90.3;1002.43;40.5;active
2024-02-17 08:00:00;SENSOR_004;Location_E;28.05;88.1;1025.5;82.3;active
2024-02-19 06:00:00;SENSOR_003;Location_D;25.72;82.2;1000.31;41.0;active
2024-02-14 02:00:00;SENSOR_003;Location_D;15.39;89.6;1014.85;54.0;active
2024-02-16 17:00:00;SENSOR_001;location_b;27.86;68.2;1008.49;81.8;active
2024-02-08 19:00:00;SENSOR_010;Location_A;22.73;87.7;1012.49;71.0;active
2024-02-18 16:00:00;SENSOR_007;Location_C;25.94;80.3;1011.04;55.6;active
2024-02-13 04:00:00;SENSOR_010;Location_A;24.52;78.0;1024.85;40.6;active
2024-01-14 05:00:00;SENSOR_005;Location_A;;70.7;1003.65;59.8;active
2024-01-20 21:00:00;SENSOR_007;Location_C;19.13;94.2;1023.78;51.7;active
2024-01-18 11:00:00;SENSOR_004;Location_E;29.65;81.9;1001.07;62.1;active
2024-01-15 03:00:00;SENSOR_010;Location_A;19.02;82.1;1042.7;43.3;active
2024-02-13 06:00:00;SENSOR_002;Location_C;22.59;;1003.78;38.2;active
2024-02-25 02:00:00;SENSOR_008;Location_D;18.48;94.3;1017.14;49.8;active
2024-02-16 22:00:00;SENSOR_009;Location_E;15.07;96.2;1009.14;69.0;active
2024-01-08 05:00:00;SENSOR_001;Location_B;20.42;90.2;1015.39;61.8;active
2024-02-12 10:00:00;SENSOR_006;Location_B;32.7;67.2;1015.66;51.8;active
2024-02-02 00:00:00;SENSOR_008;Location_D;18.03;93.6;1004.66;45.2;active
2024-02-08 20:00:00;SENSOR_001;Location_B;19.9;77.5;1018.43;45.1;active
2024-01-02 07:00:00;SENSOR_001;Location_B;25.3;;1010.41;96.0;active
2024-01-23 15:00:00;SENSOR_002;Location_C;27.86;73.1;1019.08;59.3;active
2024-02-13 12:00:00;SENSOR_007;location_c;30.11;72.6;1017.58;48.8;active
2024-02-20 13:00:00;SENSOR_001;Location_B;35.4;61.5;1021.01;35.7;active
2024-01-17 15:00:00;SENSOR_001;Location_B;27.09;70.9;1013.58;17.1;active
2024-01-01 04:00:00;SENSOR_003;Location_D;21.36;96.9;1008.48;45.1;active
2024-01-11 07:00:00;SENSOR_009;location_e;28.52;73.8;1009.3;77.6;active
2024-01-05 09:00:00;SENSOR_006;Location_B;31.42;71.8;1004.08;65.0;active
2024-02-21 07:00:00;SENSOR_004;location_e;26.81;76.7;1024.74;96.5;active
2024-01-01 23:00:00;SENSOR_007;Location_C;14.8;93.7;1009.45;52.7;active
2024-01-08 06:00:00;SENSOR_010;Location_A;25.56;74.7;1011.87;50.6;active
2024-02-08 14:00:00;SENSOR_002;location_c;34.16;54.6;1002.87;35.3;active
2024-02-04 18:00:00;SENSOR_005;location_a;24.99;77.5;1015.3;73.8;active
2024-01-25 04:00:00;SENSOR_004;Location_E;19.3;90.0;1011.71;26.5;active
2024-02-16 03:00:00;SENSOR_001;Location_B;17.44;84.3;1030.17;26.3;active
2024-01-20 11:00:00;SENSOR_010;Location_A;;65.0;1003.13;60.9;active
2024-02-21 23:00:00;SENSOR_001;Location_B;19.66;85.9;1007.11;50.4;active
2024-01-21 15:00:00;SENSOR_002;Location_C;35.0;;1008.06;44.7;active
2024-02-29 22:00:00;SENSOR_006;Location_B;20.36;92.0;1003.55;46.9;active
2024-02-09 20:00:00;SENSOR_006;Location_B;20.71;76.3;1026.1;33.7;active
2024-02-16 05:00:00;SENSOR_006;Location_B;21.12;80.5;1021.14;36.1;active
2024-01-16 12:00:00;SENSOR_006;Location_B;30.98;67.7;1014.5;41.9;active
2024-02-24 11:00:00;SENSOR_007;Location_C;33.57;59.8;1025.93;29.4;active
2024-01-23 02:00:00;SENSOR_010;Location_A;20.93;77.3;1006.31;33.6;active
2024-02-26 20:00:00;SENSOR_003;location_d;22.03;81.9;998.28;28.8;active
2024-02-24 11:00:00;SENSOR_008;Location_D;30.4;68.5;1015.37;46.8;active
2024-01-14 17:00:00;SENSOR_007;Location_C;29.45;72.6;1015.19;60.7;active
2024-02-05 13:00:00;SENSOR_009;Location_E;31.04;60.2;1020.86;30.1;active
2024-02-24 21:00:00;SENSOR_009;Location_E;22.91;81.1;984.53;42.3;active
2024-02-20 19:00:00;SENSOR_003;Location_D;22.49;81.7;1022.99;84.7;active
2024-02-07 09:00:00;SENSOR_008;Location_D;29.82;66.2;1015.02;74.8;active
2024-02-20 19:00:00;SENSOR_007;Location_C;21.73;78.1;1009.62;66.8;active
2024-02-15 11:00:00;SENSOR_002;Location_C;36.34;;1010.3;61.6;active
2024-02-26 23:00:00;SENSOR_007;Location_C;16.92;83.2;1024.05;66.9;active
2024-02-06 10:00:00;SENSOR_007;Location_C;32.46;66.4;1007.0;56.5;active
2024-02-22 03:00:00;SENSOR_007;Location_C;21.23;76.5;1004.56;60.0;active
2024-01-27 15:00:00;SENSOR_003;Location_D;30.66;63.7;1017.52;30.2;active
2024-02-02 17:00:00;SENSOR_005;Location_A;28.49;76.2;1011.11;83.1;active
2024-01-27 03:00:00;SENSOR_009;Location_E;18.64;85.0;1013.05;57.8;active
2024-01-17 02:00:00;SENSOR_004;Location_E;17.67;92.3;1015.02;62.5;active
2024-01-29 05:00:00;SENSOR_009;Location_E;24.63;81.9;1013.66;69.4;active
2024-01-11 17:00:00;SENSOR_007;Location_C;26.5;75.2;1015.86;71.5;active
2024-01-19 23:00:00;SENSOR_006;Location_B;16.06;85.3;1004.7;55.4;active
2024-02-12 22:00:00;SENSOR_003;Location_D;17.89;91.6;1000.35;48.9;active
2024-02-17 04:00:00;SENSOR_010;Location_A;21.81;80.4;990.49;91.6;active
2024-02-20 14:00:00;SENSOR_003;Location_D;31.09;66.3;1006.24;32.8;active
2024-01-04 11:00:00;SENSOR_010;Location_A;31.58;63.0;1004.91;53.8;active
2024-01-24 13:00:00;SENSOR_004;Location_E;33.71;67.7;1004.9;44.3;active
2024-01-28 18:00:00;SENSOR_010;Location_A;19.48;92.6;1025.89;74.0;active
2024-02-17 19:00:00;SENSOR_008;location_d;20.02;84.0;1016.57;49.2;active
2024-01-04 20:00:00;SENSOR_005;Location_A;20.88;80.5;1018.0;46.0;active
2024-02-19 19:00:00;SENSOR_009;Location_E;21.69;87.4;1008.36;83.3;active
2024-02-04 12:00:00;SENSOR_001;Location_B;34.74;62.4;1013.11;27.1;active
2024-02-12 07:00:00;SENSOR_009;Location_E;25.64;80.4;1020.55;108.4;active
2024-02-10 20:00:00;SENSOR_009;Location_E;18.27;91.3;1003.38;40.6;active
2024-02-19 02:00:00;SENSOR_007;Location_C;19.1;84.5;1019.84;20.7;active
2024-02-21 09:00:00;SENSOR_008;Location_D;30.71;76.1;1003.26;66.3;active
2024-01-24 11:00:00;SENSOR_008;Location_D;33.6;61.1;999.63;33.6;active
2024-01-12 22:00:00;SENSOR_004;location_e;17.36;92.0;1025.77;57.4;active
2024-01-01 06:00:00;SENSOR_008;Location_D;26.7;74.1;1011.95;73.6;active
2024-01-13 11:00:00;SENSOR_002;Location_C;30.25;67.3;1004.07;49.1;active
2024-01-24 07:00:00;SENSOR_007;Location_C;26.82;77.3;994.64;104.6;active
2024-01-04 18:00:00;SENSOR_002;Location_C;23.71;79.3;1000.28;91.3;active
2024-01-08 17:00:00;SENSOR_010;Location_A;27.39;67.1;1011.96;78.2;active
2024-01-18 10:00:00;SENSOR_010;Location_A;30.94;66.9;1012.97;40.7;active
2024-01-14 01:00:00;SENSOR_003;Location_D;18.32;81.2;1009.19;75.3;active
2024-01-17 02:00:00;SENSOR_006;Location_B;16.47;85.9;1014.53;68.3;active
2024-01-15 03:00:00;SENSOR_001;Location_B;19.55;86.9;1008.07;70.1;active
2024-02-16 13:00:00;SENSOR_004;Location_E;33.25;58.7;1032.34;48.1;active
2024-02-02 07:00:00;SENSOR_006;Location_B;25.63;76.5;1001.16;77.6;active
2024-01-03 22:00:00;SENSOR_005;Location_A;15.47;89.0;1013.43;62.1;active
2024-01-04 12:00:00;SENSOR_008;Location_D;31.69;71.7;1001.23;35.4;active
2024-02-16 00:00:00;SENSOR_009;Location_E;13.43;89.7;999.39;45.2;active
2024-02-16 18:00:00;SENSOR_010;Location_A;25.57;75.9;1033.62;66.5;active
2024-01-20 10:00:00;SENSOR_008;Location_D;34.82;61.5;980.92;38.8;active
2024-01-30 04:00:00;SENSOR_002;Location_C;17.45;86.4;1012.12;38.5;active
2024-02-13 07:00:00;SENSOR_001;Location_B;30.35;62.6;1016.28;94.4;active
2024-01-01 22:00:00;SENSOR_006;Location_B;15.85;93.9;1006.33;85.6;active
2024-01-09 06:00:00;SENSOR_005;Location_A;27.03;75.3;1007.77;44.0;active
2024-01-10 20:00:00;SENSOR_004;Location_E;17.27;89.5;999.88;36.0;active
2024-01-03 18:00:00;SENSOR_005;Location_A;26.55;69.1;981.18;63.0;active
2024-02-10 09:00:00;SENSOR_010;location_a;33.85;66.5;1015.03;67.4;active
2024-01-05 06:00:00;SENSOR_001;Location_B;26.0;82.1;1032.85;59.3;active
2024-02-24 06:00:00;SENSOR_009;Location_E;23.4;82.4;1004.36;59.0;active
2024-02-08 02:00:00;SENSOR_001;Location_B;17.43;94.3;985.19;76.0;active
2024-02-23 21:00:00;SENSOR_005;Location_A;20.27;84.3;1021.51;49.3;active
2024-02-01 13:00:00;SENSOR_005;Location_A;32.42;66.4;996.83;54.6;active
2024-02-08 17:00:00;SENSOR_006;Location_B;24.67;;1016.06;79.7;active
2024-01-09 21:00:00;SENSOR_006;location_b;19.02;82.4;1014.4;54.9;active
2024-02-08 02:00:00;SENSOR_007;Location_C;16.47;96.4;1017.4;28.1;active
2024-01-05 23:00:00;SENSOR_008;Location_D;20.15;82.7;1009.8;29.9;active
2024-01-27 06:00:00;SENSOR_005;location_a;22.5;74.2;1020.66;52.5;active
2024-02-15 07:00:00;SENSOR_010;location_a;27.18;66.9;1011.39;80.2;active
2024-01-27 00:00:00;SENSOR_001;Location_B;15.98;94.7;1004.52;22.6;active
2024-02-03 19:00:00;SENSOR_006;Location_B;23.19;85.5;1006.77;62.4;active
2024-02-10 04:00:00;SENSOR_002;Location_C;23.44;84.1;1019.05;71.9;active
2024-02-15 04:00:00;SENSOR_005;Location_A;20.35;83.2;1013.5;68.7;active
2024-02-23 19:00:00;SENSOR_007;Location_C;24.59;88.8;1016.1;82.4;active
2024-02-07 03:00:00;SENSOR_006;location_b;16.38;90.6;1002.01;64.9;active
2024-01-04 03:00:00;SENSOR_004;Location_E;21.12;77.5;1008.92;42.7;active
2024-02-06 08:00:00;SENSOR_010;Location_A;29.97;70.0;1004.57;97.1;active
2024-01-05 23:00:00;SENSOR_009;Location_E;17.14;92.8;1007.11;31.9;active
2024-02-06 10:00:00;SENSOR_004;Location_E;34.02;54.8;1008.03;55.6;active
2024-01-29 06:00:00;SENSOR_010;location_a;24.99;76.7;1012.82;52.3;active
2024-02-06 19:00:00;SENSOR_002;Location_C;19.6;85.2;1026.52;68.6;active
2024-01-17 23:00:00;SENSOR_009;Location_E;;98.3;1021.98;61.9;active
2024-02-21 01:00:00;SENSOR_008;Location_D;20.49;85.3;1017.91;66.1;active
2024-01-26 03:00:00;SENSOR_004;Location_E;21.25;85.9;999.32;59.1;active
2024-02-14 18:00:00;SENSOR_005;Location_A;26.5;92.3;999.7;84.7;active
2024-01-12 19:00:00;SENSOR_008;Location_D;25.14;76.7;1003.36;57.7;active
2024-01-29 01:00:00;SENSOR_005;location_a;16.88;94.9;998.7;47.3;active
2024-02-01 08:00:00;SENSOR_006;Location_B;30.93;70.6;1004.18;74.1;active
2024-01-20 10:00:00;SENSOR_004;Location_E;34.56;71.2;1012.95;74.6;active
2024-01-10 12:00:00;SENSOR_009;location_e;30.75;70.2;1021.65;42.8;active
2024-01-15 06:00:00;SENSOR_003;location_d;24.09;;1002.83;20.9;active
2024-02-11 18:00:00;SENSOR_002;Location_C;23.11;70.6;1014.07;96.2;active
2024-01-16 08:00:00;SENSOR_003;location_d;28.34;78.8;1018.19;99.4;active
2024-02-01 05:00:00;SENSOR_002;Location_C;22.89;87.4;1018.87;49.3;active
2024-01-15 15:00:00;SENSOR_006;Location_B;30.99;65.8;1019.73;50.6;active
2024-01-10 12:00:00;SENSOR_008;Location_D;32.89;63.7;992.65;52.1;active
2024-01-21 21:00:00;SENSOR_010;Location_A;20.65;85.4;1010.07;64.3;active
2024-01-22 06:00:00;SENSOR_008;Location_D;26.13;76.2;1016.65;31.2;active
2024-01-25 01:00:00;SENSOR_009;Location_E;20.11;81.4;1019.86;58.6;active
2024-02-08 08:00:00;SENSOR_002;Location_C;29.81;65.0;1003.12;47.4;active
2024-02-20 07:00:00;SENSOR_004;Location_E;27.81;67.7;1024.37;70.3;active
2024-01-05 08:00:00;SENSOR_003;Location_D;29.04;66.5;1009.35;76.7;active
2024-02-14 13:00:00;SENSOR_006;Location_B;38.5;52.3;1013.97;30.1;active
2024-02-18 13:00:00;SENSOR_006;location_b;32.54;64.2;1006.84;33.2;active
2024-01-25 04:00:00;SENSOR_002;Location_C;22.92;77.7;1016.86;28.7;active
2024-01-23 04:00:00;SENSOR_010;Location_A;18.04;84.4;1024.76;67.8;active
2024-02-18 23:00:00;SENSOR_005;Location_A;14.61;83.9;1012.65;54.9;active
2024-01-08 13:00:00;SENSOR_001;Location_B;31.21;70.7;1008.42;50.2;active
2024-01-06 21:00:00;SENSOR_007;Location_C;20.52;82.7;1025.55;53.3;active
2024-01-04 01:00:00;SENSOR_004;Location_E;16.52;91.0;1006.84;62.9;active
2024-01-27 19:00:00;SENSOR_004;Location_E;19.9;86.5;1027.83;56.1;active
2024-01-03 22:00:00;SENSOR_010;Location_A;18.67;83.1;1017.73;21.6;active
2024-02-12 20:00:00;SENSOR_009;Location_E;23.0;81.6;1016.8;33.6;active
2024-02-08 14:00:00;SENSOR_010;Location_A;33.08;65.9;991.14;82.1;active
2024-01-14 06:00:00;SENSOR_006;Location_B;24.74;68.1;1013.75;61.1;active
2024-02-11 07:00:00;SENSOR_010;Location_A;30.29;70.4;1020.79;86.0;active
2024-02-27 04:00:00;SENSOR_001;Location_B;20.28;86.6;1016.63;41.6;active
2024-01-10 15:00:00;SENSOR_003;Location_D;30.41;60.8;1012.68;70.4;active
2024-02-25 09:00:00;SENSOR_002;Location_C;33.79;67.8;1011.51;83.5;active
2024-01-25 13:00:00;SENSOR_009;location_e;31.98;74.4;1019.34;28.1;active
2024-02-03 21:00:00;SENSOR_006;Location_B;18.35;87.1;1002.47;27.6;active
2024-01-30 16:00:00;SENSOR_008;location_d;29.25;66.8;1011.4;54.3;active
2024-02-25 00:00:00;SENSOR_010;Location_A;19.79;78.7;1007.87;71.1;active
2024-01-10 02:00:00;SENSOR_003;Location_D;17.85;86.2;1008.32;32.9;active
2024-01-10 19:00:00;SENSOR_003;Location_D;26.28;79.2;1012.2;107.5;active
2024-02-07 19:00:00;SENSOR_008;Location_D;21.65;82.0;1010.74;90.1;active
2024-02-02 12:00:00;SENSOR_004;Location_E;;59.7;998.34;30.0;active
2024-02-23 09:00:00;SENSOR_008;Location_D;31.35;69.1;1023.52;87.8;active
2024-01-23 17:00:00;SENSOR_007;Location_C;25.53;;1004.96;103.4;active
2024-02-05 18:00:00;SENSOR_007;Location_C;23.05;81.3;1015.24;69.0;active
2024-02-22 18:00:00;SENSOR_010;Location_A;23.74;80.8;1017.6;89.2;active
2024-02-27 18:00:00;SENSOR_005;Location_A;25.89;86.2;1027.52;90.2;active
2024-01-29 09:00:00;SENSOR_007;Location_C;25.4;74.7;1020.36;96.4;active
2024-02-06 21:00:00;SENSOR_004;Location_E;19.93;90.2;1017.57;55.9;active
2024-02-01 15:00:00;SENSOR_010;Location_A;26.14;83.2;1012.34;62.5;active
2024-02-06 04:00:00;SENSOR_002;Location_C;23.6;79.6;1015.6;52.0;active
2024-02-22 05:00:00;SENSOR_001;Location_B;23.38;85.5;1009.59;69.0;active
2024-02-26 07:00:00;SENSOR_003;Location_D;21.08;91.5;1023.31;102.8;active
2024-02-26 09:00:00;SENSOR_009;Location_E;28.73;71.0;1036.46;89.1;active
2024-01-06 19:00:00;SENSOR_007;Location_C;26.25;74.8;1001.06;114.7;active
2024-02-05 10:00:00;SENSOR_008;Location_D;33.65;69.8;1001.7;40.2;active
2024-01-02 09:00:00;SENSOR_008;location_d;30.25;80.5;998.29;61.0;active
2024-01-30 12:00:00;SENSOR_001;Location_B;32.94;67.9;1018.09;38.4;active
2024-02-26 06:00:00;SENSOR_001;Location_B;27.03;64.2;1013.28;46.7;active
2024-02-02 04:00:00;SENSOR_001;Location_B;21.31;86.2;1018.23;73.7;active
2024-02-25 23:00:00;SENSOR_007;Location_C;17.37;94.4;1029.2;80.2;active
2024-02-06 15:00:00;SENSOR_002;Location_C;33.07;73.5;1002.81;78.3;active
2024-01-12 20:00:00;SENSOR_001;location_b;20.68;76.3;1017.51;40.1;active
2024-02-17 23:00:00;SENSOR_006;Location_B;15.0;92.3;1007.41;72.5;active
2024-01-15 11:00:00;SENSOR_005;Location_A;32.63;64.0;1003.09;47.6;active
2024-01-24 11:00:00;SENSOR_009;Location_E;34.46;61.2;1003.39;59.6;active
2024-02-15 07:00:00;SENSOR_001;Location_B;25.84;77.9;1005.98;78.7;active
2024-01-21 19:00:00;SENSOR_003;Location_D;22.04;82.0;1020.22;102.6;active
2024-01-22 10:00:00;SENSOR_007;Location_C;36.43;59.9;1010.61;94.6;active
2024-02-07 18:00:00;SENSOR_004;Location_E;23.05;78.1;1028.33;127.9;active
2024-01-03 05:00:00;SENSOR_002;Location_C;23.99;79.9;1025.58;21.8;active
2024-01-31 04:00:00;SENSOR_004;location_e;21.59;84.4;1016.31;52.8;active
2024-01-18 17:00:00;SENSOR_004;Location_E;30.25;62.8;1009.32;81.4;active
2024-01-06 17:00:00;SENSOR_003;Location_D;24.05;75.3;1013.03;99.3;active
2024-02-15 19:00:00;SENSOR_010;Location_A;25.84;69.8;1023.08;78.5;active
2024-01-21 22:00:00;SENSOR_006;Location_B;18.92;89.8;1012.14;51.5;active
2024-02-07 13:00:00;SENSOR_006;location_b;28.95;75.5;1021.71;35.4;active
2024-02-10 20:00:00;SENSOR_006;Location_B;19.59;77.8;1018.14;40.0;active
2024-02-15 07:00:00;SENSOR_004;location_e;26.96;74.1;1009.49;70.3;active
2024-02-26 00:00:00;SENSOR_004;Location_E;17.27;87.4;1016.08;53.5;active
2024-02-18 11:00:00;SENSOR_007;Location_C;28.24;75.1;1001.03;47.9;active
2024-01-20 07:00:00;SENSOR_004;Location_E;26.29;80.0;1003.7;66.3;active
2024-02-06 10:00:00;SENSOR_006;Location_B;32.33;66.2;1019.68;90.5;active
2024-01-04 18:00:00;SENSOR_008;Location_D;27.93;70.8;1010.51;87.3;active
2024-01-23 02:00:00;SENSOR_007;Location_C;19.52;89.0;1028.37;29.8;active
2024-02-05 10:00:00;SENSOR_007;Location_C;31.8;72.3;1019.36;39.8;active
2024-01-28 16:00:00;SENSOR_008;Location_D;26.63;67.5;1004.35;51.4;active
2024-01-13 06:00:00;SENSOR_004;Location_E;24.63;72.3;1020.09;53.1;active
2024-01-05 04:00:00;SENSOR_006;Location_B;21.43;79.5;1008.5;41.6;active
2024-01-01 02:00:00;SENSOR_005;Location_A;18.42;84.0;1031.51;53.9;active
2024-01-29 10:00:00;SENSOR_002;Location_C;32.5;69.0;995.12;42.7;maintenance
2024-02-14 22:00:00;SENSOR_001;Location_B;17.75;99.8;1016.17;63.2;active
2024-02-04 21:00:00;SENSOR_005;Location_A;16.57;80.1;1008.58;65.0;active
2024-01-16 11:00:00;SENSOR_010;Location_A;34.01;67.4;1010.86;48.5;active
2024-01-22 17:00:00;SENSOR_005;Location_A;27.86;71.7;1009.44;81.6;active
2024-02-08 06:00:00;SENSOR_003;Location_D;26.18;77.9;1020.53;68.4;active
2024-02-27 17:00:00;SENSOR_007;Location_C;27.73;79.3;1031.32;71.5;active
2024-02-08 02:00:00;SENSOR_003;Location_D;18.04;92.6;1015.82;40.3;active
2024-02-12 04:00:00;SENSOR_008;Location_D;20.69;80.6;1007.15;58.5;active
2024-02-19 01:00:00;SENSOR_008;Location_D;17.04;87.9;996.98;86.4;active
2024-02-12 11:00:00;SENSOR_005;Location_A;33.51;60.7;996.75;60.5;active
2024-02-12 21:00:00;SENSOR_009;Location_E;16.84;80.2;1010.9;35.9;active
2024-01-15 19:00:00;SENSOR_002;Location_C;22.06;79.6;1008.8;68.8;active
2024-01-07 07:00:00;SENSOR_003;location_d;24.22;81.6;1029.67;80.5;active
2024-02-13 02:00:00;SENSOR_001;Location_B;19.01;81.2;1027.42;68.8;active
2024-02-20 18:00:00;SENSOR_009;Location_E;23.27;76.8;1014.11;49.3;active
2024-01-07 11:00:00;SENSOR_004;Location_E;32.19;69.3;1015.3;68.0;active
2024-02-20 19:00:00;SENSOR_010;Location_A;24.91;84.9;1013.02;95.0;active
2024-02-18 09:00:00;SENSOR_010;location_a;26.41;77.1;1009.31;94.9;active
2024-02-06 13:00:00;SENSOR_006;Location_B;29.66;79.8;1015.2;61.8;active
2024-01-17 11:00:00;SENSOR_003;Location_D;35.76;64.1;1020.86;56.6;active
2024-01-26 20:00:00;SENSOR_006;Location_B;19.79;90.6;1013.32;61.1;active
2024-01-17 10:00:00;SENSOR_010;Location_A;30.41;70.3;1009.41;46.0;active
2024-01-31 17:00:00;SENSOR_006;Location_B;28.19;77.8;1016.71;89.2;active
2024-01-03 19:00:00;SENSOR_010;Location_A;19.48;84.1;1000.07;72.2;active
2024-01-28 14:00:00;SENSOR_008;Location_D;34.7;69.1;1014.29;76.9;active
2024-02-29 07:00:00;SENSOR_009;Location_E;23.99;78.8;1013.54;65.2;active
2024-02-08 17:00:00;SENSOR_010;location_a;26.15;76.1;1005.19;77.8;active
2024-01-17 15:00:00;SENSOR_007;Location_C;24.41;71.9;1021.22;28.6;active
2024-02-14 07:00:00;SENSOR_007;Location_C;;69.4;1007.47;91.0;active
2024-01-09 12:00:00;SENSOR_007;Location_C;32.14;71.5;1024.31;88.2;active
2024-01-14 17:00:00;SENSOR_002;Location_C;27.94;82.5;1026.37;100.1;active
2024-01-09 01:00:00;SENSOR_006;Location_B;19.31;89.2;1009.35;40.8;active
2024-01-13 05:00:00;SENSOR_010;Location_A;22.63;78.8;1011.04;25.2;active
2024-02-26 12:00:00;SENSOR_009;Location_E;32.86;60.0;1000.27;53.8;active
2024-02-15 04:00:00;SENSOR_008;Location_D;17.43;86.2;1004.98;21.1;active
2024-01-01 19:00:00;SENSOR_004;Location_E;21.87;78.7;1035.64;74.7;active
2024-01-28 11:00:00;SENSOR_002;Location_C;32.72;67.3;1015.94;39.8;active
2024-02-12 22:00:00;SENSOR_005;Location_A;17.09;81.5;1010.32;39.6;active
2024-02-01 01:00:00;SENSOR_005;Location_A;19.15;88.3;1025.25;50.1;active
2024-02-03 02:00:00;SENSOR_001;Location_B;21.26;83.5;1017.01;59.6;active
2024-01-28 10:00:00;SENSOR_010;location_a;32.02;68.0;1016.65;42.0;active
2024-02-20 04:00:00;SENSOR_010;Location_A;20.89;88.3;1007.89;51.8;active
2024-01-17 06:00:00;SENSOR_010;Location_A;25.5;69.6;1025.89;77.9;active
2024-01-23 10:00:00;SENSOR_006;location_b;31.24;67.9;998.41;37.2;active
2024-01-10 05:00:00;SENSOR_010;Location_A;20.47;80.5;1009.26;31.8;active
2024-01-04 22:00:00;SENSOR_003;Location_D;16.06;98.3;990.54;53.1;active
2024-01-09 02:00:00;SENSOR_010;Location_A;20.55;80.6;1006.69;67.6;active
2024-01-01 22:00:00;SENSOR_004;Location_E;18.24;90.3;1022.28;50.3;active
2024-02-04 19:00:00;SENSOR_005;Location_A;25.31;87.2;1025.16;67.2;active
2024-02-04 17:00:00;SENSOR_007;location_c;26.32;75.8;1014.31;73.2;active
2024-02-21 06:00:00;SENSOR_003;Location_D;26.53;66.4;1020.86;41.0;active
2024-01-02 02:00:00;SENSOR_005;Location_A;;;1009.63;55.7;active
2024-01-04 12:00:00;SENSOR_010;Location_A;31.1;73.6;1018.12;49.9;active
2024-01-30 14:00:00;SENSOR_007;Location_C;28.94;76.5;1018.42;50.0;active
2024-02-11 22:00:00;SENSOR_006;Location_B;18.69;87.2;1008.45;26.9;active
2024-02-01 07:00:00;SENSOR_004;Location_E;29.12;71.8;1007.36;83.4;active
2024-01-21 22:00:00;SENSOR_009;Location_E;19.39;91.1;1009.72;61.8;active
2024-02-10 14:00:00;SENSOR_010;Location_A;33.51;60.3;997.15;80.7;active
2024-02-08 18:00:00;SENSOR_010;location_a;27.59;;1021.1;97.6;active
2024-01-14 14:00:00;SENSOR_002;Location_C;31.84;60.5;1016.57;56.2;active
2024-02-07 04:00:00;SENSOR_008;Location_D;20.32;81.4;1006.98;44.6;active
2024-01-04 04:00:00;SENSOR_002;Location_C;19.87;76.9;990.15;68.9;active
2024-01-18 09:00:00;SENSOR_008;Location_D;27.89;70.6;1047.63;79.2;active
2024-01-19 10:00:00;SENSOR_003;Location_D;33.65;67.7;1021.01;56.8;active
2024-02-21 20:00:00;SENSOR_006;Location_B;22.62;86.1;999.56;39.3;active
2024-02-27 21:00:00;SENSOR_006;Location_B;17.68;88.1;1005.1;66.4;active
2024-01-28 11:00:00;SENSOR_010;Location_A;31.84;59.5;1015.82;42.3;active
2024-01-08 23:00:00;SENSOR_010;Location_A;16.41;100.0;1039.72;40.1;active
2024-01-15 10:00:00;SENSOR_009;Location_E;30.68;69.6;1040.64;71.9;active
2024-02-29 10:00:00;SENSOR_006;Location_B;30.03;75.2;1032.97;63.9;active
2024-02-29 01:00:00;SENSOR_008;Location_D;15.3;100.0;1020.72;55.6;active
2024-02-25 15:00:00;SENSOR_010;Location_A;32.27;60.1;1013.97;47.1;active
2024-01-19 18:00:00;SENSOR_001;Location_B;26.38;76.4;1025.36;72.1;active
2024-01-24 10:00:00;SENSOR_010;Location_A;34.48;60.2;1029.72;30.3;active
2024-01-31 02:00:00;SENSOR_004;Location_E;54.03;;1023.09;29.2;active
2024-01-25 18:00:00;SENSOR_003;Location_D;25.5;76.6;1000.24;79.6;maintenance
2024-02-25 15:00:00;SENSOR_005;Location_A;30.62;69.8;998.72;55.3;active
2024-02-13 05:00:00;SENSOR_002;Location_C;18.82;88.0;1029.54;56.5;active
2024-02-23 14:00:00;SENSOR_006;Location_B;29.56;75.8;1015.05;52.8;active
2024-01-14 04:00:00;SENSOR_007;Location_C;21.69;83.4;1025.17;63.9;maintenance
2024-01-24 01:00:00;SENSOR_003;Location_D;13.48;100.0;1018.02;63.0;active
2024-02-27 18:00:00;SENSOR_004;Location_E;24.55;79.1;1024.46;68.4;active
2024-01-28 07:00:00;SENSOR_010;Location_A;28.63;77.8;1007.67;81.9;active
2024-02-05 21:00:00;SENSOR_002;Location_C;19.3;80.5;1012.68;49.2;active
2024-02-10 14:00:00;SENSOR_008;Location_D;29.65;73.9;1027.1;50.4;active
2024-01-28 04:00:00;SENSOR_003;Location_D;21.35;84.9;1029.83;41.3;active
2024-02-14 11:00:00;SENSOR_006;Location_B;33.51;63.2;1004.99;32.2;active
2024-01-28 16:00:00;SENSOR_007;Location_C;29.58;64.8;1006.59;38.8;maintenance
2024-02-05 20:00:00;SENSOR_004;Location_E;20.17;80.0;1021.18;45.6;active
2024-02-26 20:00:00;SENSOR_008;Location_D;16.78;93.2;994.59;41.0;active
2024-02-03 05:00:00;SENSOR_004;Location_E;23.65;85.8;1008.83;57.8;active
2024-02-27 01:00:00;SENSOR_007;Location_C;17.18;81.3;1023.72;47.8;active
2024-02-28 01:00:00;SENSOR_001;Location_B;18.51;78.7;1003.56;45.0;active
2024-02-03 06:00:00;SENSOR_003;Location_D;24.76;76.5;1012.48;42.8;active
2024-02-01 17:00:00;SENSOR_007;Location_C;26.01;69.5;1009.06;58.7;active
2024-02-14 07:00:00;SENSOR_009;Location_E;25.27;75.7;1001.42;99.1;active
2024-02-11 23:00:00;SENSOR_009;Location_E;15.14;89.3;1014.71;61.8;active
2024-01-03 23:00:00;SENSOR_004;Location_E;20.43;87.7;1008.34;56.6;active
2024-01-21 08:00:00;SENSOR_006;Location_B;29.09;70.4;1002.37;61.5;active
2024-02-17 08:00:00;SENSOR_005;Location_A;28.19;69.0;1018.47;66.3;active
2024-01-01 08:00:00;SENSOR_004;Location_E;31.08;72.3;1005.79;76.5;active
2024-02-22 02:00:00;SENSOR_008;location_d;16.42;84.0;1019.03;69.3;active
2024-02-18 00:00:00;SENSOR_008;Location_D;17.5;83.3;1032.5;61.7;active
2024-02-15 21:00:00;SENSOR_004;Location_E;16.38;90.0;1012.98;41.0;active
2024-01-08 09:00:00;SENSOR_001;Location_B;26.21;74.3;1007.22;62.8;active
2024-01-10 19:00:00;SENSOR_007;Location_C;24.79;83.1;1034.35;70.6;maintenance
2024-01-22 09:00:00;SENSOR_003;Location_D;32.87;68.7;1007.52;94.8;active
2024-02-22 01:00:00;SENSOR_003;location_d;15.07;91.7;1029.88;52.9;active
2024-01-17 22:00:00;SENSOR_010;Location_A;19.14;85.6;1007.26;24.9;active
2024-02-15 16:00:00;SENSOR_005;Location_A;30.44;70.3;1018.05;31.4;active
2024-01-20 01:00:00;SENSOR_001;Location_B;15.12;98.8;1016.14;34.2;active
2024-01-08 18:00:00;SENSOR_006;Location_B;24.33;74.3;1021.93;82.1;active
2024-02-22 10:00:00;SENSOR_005;Location_A;32.49;71.1;995.14;40.0;active
2024-02-06 21:00:00;SENSOR_009;Location_E;21.8;85.0;1012.56;32.8;maintenance
2024-02-18 05:00:00;SENSOR_004;Location_E;24.42;74.4;1010.79;41.7;active
2024-02-07 14:00:00;SENSOR_007;Location_C;33.23;67.6;1020.47;48.5;active
2024-01-12 16:00:00;SENSOR_004;Location_E;27.26;76.5;994.92;49.5;active
2024-01-03 15:00:00;SENSOR_001;Location_B;29.2;73.0;1008.93;69.0;active
2024-02-11 18:00:00;SENSOR_008;Location_D;26.92;68.7;997.69;77.3;active
2024-01-19 14:00:00;SENSOR_009;location_e;31.07;71.4;1025.45;56.0;active
2024-01-10 09:00:00;SENSOR_003;location_d;27.32;72.8;1025.35;79.1;active
2024-02-25 16:00:00;SENSOR_003;Location_D;29.99;70.5;1012.74;58.7;active
2024-01-31 07:00:00;SENSOR_009;location_e;24.6;79.5;1010.67;94.4;active
2024-02-07 12:00:00;SENSOR_003;location_d;27.77;;1019.56;57.1;active
2024-01-19 03:00:00;SENSOR_003;Location_D;18.05;91.1;1008.0;52.7;active
2024-02-05 03:00:00;SENSOR_007;Location_C;17.53;86.8;1023.04;33.9;active
2024-01-15 05:00:00;SENSOR_007;Location_C;26.26;76.1;1010.54;44.5;active
2024-01-05 05:00:00;SENSOR_007;Location_C;26.56;86.5;1008.25;41.1;active
2024-01-21 00:00:00;SENSOR_008;Location_D;16.38;86.8;1014.71;49.8;active
2024-02-13 23:00:00;SENSOR_002;Location_C;18.19;84.4;1026.8;25.3;active
2024-01-20 03:00:00;SENSOR_004;Location_E;23.53;74.5;1016.08;38.3;active
2024-02-22 13:00:00;SENSOR_001;Location_B;29.97;72.0;1001.29;35.4;active
2024-01-23 21:00:00;SENSOR_003;Location_D;20.62;90.9;1023.62;39.9;active
2024-02-29 20:00:00;SENSOR_009;Location_E;22.02;85.5;1018.58;55.1;active
2024-01-23 17:00:00;SENSOR_003;Location_D;28.3;67.6;1011.19;100.5;active
2024-02-28 06:00:00;SENSOR_001;Location_B;26.73;75.7;1008.38;34.0;active
2024-01-16 19:00:00;SENSOR_001;Location_B;19.43;85.2;1020.27;73.1;active
2024-01-19 11:00:00;SENSOR_005;location_a;97.55;68.7;1018.76;44.1;active
2024-01-29 20:00:00;SENSOR_007;Location_C;19.57;92.7;1033.37;44.4;active
2024-02-09 03:00:00;SENSOR_010;Location_A;14.5;83.5;1008.39;28.6;active
2024-01-25 23:00:00;SENSOR_002;Location_C;20.59;90.5;1007.31;18.3;active
2024-02-15 03:00:00;SENSOR_004;Location_E;16.46;92.4;1010.85;39.0;active
2024-01-17 15:00:00;SENSOR_008;Location_D;30.17;72.7;1017.94;37.9;active
2024-01-25 02:00:00;SENSOR_005;Location_A;18.51;87.3;1012.63;51.6;active
2024-02-26 02:00:00;SENSOR_001;Location_B;20.76;88.8;1031.69;61.0;active
2024-01-27 21:00:00;SENSOR_002;location_c;20.76;88.4;1007.99;41.5;active
2024-02-09 19:00:00;SENSOR_010;Location_A;19.77;82.9;1000.08;93.5;active
2024-01-03 01:00:00;SENSOR_002;Location_C;16.8;88.5;1023.95;52.6;active
2024-01-05 11:00:00;SENSOR_009;Location_E;34.15;67.1;1026.33;62.1;active
2024-01-15 04:00:00;SENSOR_008;Location_D;19.78;80.9;998.59;71.8;active
2024-02-06 06:00:00;SENSOR_005;Location_A;26.17;76.0;1003.21;30.4;active
2024-02-03 03:00:00;SENSOR_001;Location_B;24.46;80.8;1012.57;55.1;active
2024-01-02 20:00:00;SENSOR_003;Location_D;20.08;87.9;1023.76;43.4;active
2024-02-16 02:00:00;SENSOR_005;Location_A;19.46;78.2;1010.81;9.7;active
2024-02-09 08:00:00;SENSOR_009;Location_E;30.33;67.8;998.32;85.3;active
2024-01-13 17:00:00;SENSOR_010;Location_A;29.76;63.5;1015.84;106.6;active
2024-01-12 10:00:00;SENSOR_003;Location_D;30.75;70.3;1020.3;28.5;active
2024-02-14 13:00:00;SENSOR_005;Location_A;29.29;69.3;1021.08;44.7;active
2024-02-19 11:00:00;SENSOR_010;Location_A;30.07;76.7;1009.49;7.8;active
2024-02-24 18:00:00;SENSOR_009;Location_E;29.48;71.7;1020.07;64.7;active
2024-01-29 07:00:00;SENSOR_004;location_e;24.78;86.0;1000.33;79.6;active
2024-01-22 20:00:00;SENSOR_003;Location_D;18.97;93.3;1004.62;15.6;active
2024-01-15 23:00:00;SENSOR_002;Location_C;14.06;89.0;1006.03;46.0;active
2024-02-25 08:00:00;SENSOR_001;Location_B;31.79;;996.67;62.5;active
2024-01-27 16:00:00;SENSOR_006;location_b;31.72;70.2;1002.09;37.3;maintenance
2024-02-18 17:00:00;SENSOR_002;Location_C;27.48;73.8;1024.01;91.8;active
2024-02-26 05:00:00;SENSOR_008;Location_D;21.11;72.3;1019.98;59.4;active
2024-01-11 08:00:00;SENSOR_002;Location_C;26.82;69.8;1014.75;67.1;active
2024-01-28 00:00:00;SENSOR_009;Location_E;18.41;88.0;1006.09;42.2;active
2024-02-08 12:00:00;SENSOR_003;Location_D;34.69;71.1;1017.93;66.5;active
2024-01-02 01:00:00;SENSOR_009;Location_E;14.94;83.9;1010.54;58.3;active
2024-01-29 16:00:00;SENSOR_009;Location_E;28.71;64.2;1023.08;49.8;active
2024-01-13 16:00:00;SENSOR_002;location_c;31.0;66.4;1006.82;70.1;active
2024-01-01 08:00:00;SENSOR_001;Location_B;28.6;72.1;1010.79;75.6;active
2024-01-06 22:00:00;SENSOR_005;Location_A;17.29;93.4;1009.85;47.1;active
2024-01-09 07:00:00;SENSOR_004;Location_E;23.6;77.8;1006.17;89.0;active
2024-02-18 11:00:00;SENSOR_004;Location_E;33.33;70.0;1027.12;45.3;active
2024-01-22 02:00:00;SENSOR_008;Location_D;17.73;85.0;1016.7;48.3;active
2024-02-20 18:00:00;SENSOR_008;Location_D;25.2;74.0;1026.73;49.8;active
2024-01-25 03:00:00;SENSOR_002;Location_C;17.24;84.7;1013.58;26.5;active
2024-02-01 03:00:00;SENSOR_010;Location_A;20.44;80.7;1011.6;59.4;active
2024-01-02 11:00:00;SENSOR_002;Location_C;32.7;65.4;1017.12;46.4;active
2024-02-08 09:00:00;SENSOR_008;Location_D;31.53;69.9;1016.73;81.4;active
2024-02-08 01:00:00;SENSOR_007;Location_C;17.66;84.6;1002.01;60.2;active
2024-01-07 17:00:00;SENSOR_005;location_a;28.37;74.8;1019.69;79.2;active
2024-02-29 19:00:00;SENSOR_005;location_a;23.64;84.4;1001.53;74.0;active
